year,dist_name,nitrogen_kharif_consumption_tons,nitrogen_rabi_consumption_tons,phosphate_kharif_consumption_tons,phosphate_rabi_consumption_tons,potash_kharif_consumption_tons,potash_rabi_consumption_tons,total_kharif_consumption_tons,total_rabi_consumption_tons
1990,Coimbatore,14596.0,18250.0,5249.0,5449.0,11983.0,11611.0,31828.0,35310.0
1990,Cuddalore,16764.0,27259.0,8862.0,9773.0,12635.0,13412.0,38261.0,50444.0
1990,Dharmapuri,2785.0,4158.0,1493.0,1767.0,2390.0,1996.0,6668.0,7921.0
1990,Dindigul,3505.0,4521.0,1814.0,1993.0,2138.0,2768.0,7457.0,9282.0
1990,Erode,9055.0,16121.0,4995.0,5196.0,5242.0,5774.0,19292.0,27091.0
1990,Kancheepuram,11361.0,24967.0,6337.0,8963.0,5425.0,10058.0,23123.0,43988.0
1990,Kanyakumari,2616.0,3980.0,1470.0,1593.0,2293.0,2507.0,6379.0,8080.0
1990,Madurai,13977.0,20703.0,6399.0,7509.0,10243.0,14872.0,30619.0,43084.0
1990,Pudukkottai,2118.0,7876.0,1293.0,2460.0,1589.0,3449.0,5000.0,13785.0
1990,Ramananthapuram,1094.0,5260.0,298.0,1075.0,251.0,900.0,1643.0,7235.0
1990,Salem,7244.0,10958.0,4454.0,4295.0,10671.0,6207.0,22369.0,21460.0
1990,Sivagangai,1165.0,4846.0,597.0,1234.0,577.0,913.0,2339.0,6993.0
1990,Thanjavur,26445.0,38552.0,14087.0,13317.0,12896.0,20985.0,53428.0,72854.0
1990,The Nilgiris,3205.0,1997.0,497.0,685.0,2120.0,1814.0,5822.0,4496.0
1990,Thirunelveli,9233.0,12864.0,4302.0,4919.0,4309.0,5635.0,17844.0,23418.0
1990,Thoothukudi,2417.0,3887.0,1401.0,1178.0,1573.0,3291.0,5391.0,8356.0
1990,Tiruchirappalli,12768.0,25553.0,6565.0,7546.0,11664.0,15426.0,30997.0,48525.0
1990,Tiruvannamalai,4400.0,9478.0,2436.0,2871.0,887.0,2935.0,7723.0,15284.0
1990,Vellore,7088.0,13629.0,3930.0,5832.0,5938.0,7747.0,16956.0,27208.0
1990,Virudhunagar,3456.0,7525.0,1711.0,2574.0,2296.0,5432.0,7463.0,15531.0
1991,Coimbatore,12158.0,14027.0,4982.0,4936.0,11916.0,9864.0,29056.0,28827.0
1991,Cuddalore,14965.0,26091.0,7226.0,8886.0,10364.0,14625.0,32555.0,49602.0
1991,Dharmapuri,2972.0,7310.0,1638.0,2523.0,2434.0,280.0,7044.0,10113.0
1991,Dindigul,3200.0,6220.0,1523.0,1929.0,2105.0,3454.0,6828.0,11603.0
1991,Erode,9973.0,14543.0,4883.0,3427.0,6037.0,5823.0,20893.0,23793.0
1991,Kancheepuram,12320.0,21044.0,6288.0,8053.0,6011.0,6693.0,24619.0,35790.0
1991,Kanyakumari,2901.0,4870.0,1603.0,1757.0,2368.0,2711.0,6872.0,9338.0
1991,Madurai,13522.0,16138.0,6896.0,5485.0,11154.0,13227.0,31572.0,34850.0
1991,Pudukkottai,2562.0,11945.0,1154.0,3290.0,1454.0,4460.0,5170.0,19695.0
1991,Ramananthapuram,1273.0,5952.0,430.0,1969.0,245.0,1820.0,1948.0,9741.0
1991,Salem,6998.0,16615.0,3840.0,6801.0,8949.0,8152.0,19787.0,31568.0
1991,Sivagangai,1823.0,6612.0,687.0,1780.0,532.0,2364.0,3042.0,10756.0
1991,Thanjavur,28288.0,32592.0,14088.0,8676.0,16606.0,18486.0,58982.0,59754.0
1991,The Nilgiris,3059.0,1369.0,725.0,381.0,2238.0,724.0,6022.0,2474.0
1991,Thirunelveli,11105.0,12574.0,4874.0,3213.0,5383.0,5824.0,21362.0,21611.0
1991,Thoothukudi,2328.0,3498.0,1416.0,1437.0,1976.0,2152.0,5720.0,7087.0
1991,Tiruchirappalli,13156.0,25365.0,6971.0,8528.0,13073.0,24700.0,33200.0,58593.0
1991,Tiruvannamalai,3706.0,12405.0,1937.0,5530.0,1514.0,5238.0,7157.0,23173.0
1991,Vellore,7531.0,15003.0,4209.0,5811.0,4736.0,6056.0,16476.0,26870.0
1991,Virudhunagar,4678.0,9571.0,1878.0,2919.0,2409.0,4201.0,8965.0,16691.0
1992,Coimbatore,11987.0,16141.0,5023.0,5106.0,8233.0,6827.0,25243.0,28074.0
1992,Cuddalore,17563.0,34331.0,8675.0,11256.0,9438.0,9045.0,35676.0,54632.0
1992,Dharmapuri,3770.0,6862.0,1727.0,2749.0,2169.0,1980.0,7666.0,11591.0
1992,Dindigul,2762.0,7885.0,1371.0,2747.0,1594.0,2299.0,5727.0,12931.0
1992,Erode,11793.0,16077.0,4946.0,4611.0,6229.0,5623.0,22968.0,26311.0
1992,Kancheepuram,12364.0,23705.0,5838.0,8557.0,5207.0,6012.0,23409.0,38274.0
1992,Kanyakumari,3311.0,4185.0,1840.0,1371.0,2538.0,1269.0,7689.0,6825.0
1992,Madurai,10136.0,19841.0,5273.0,5902.0,8220.0,7987.0,23629.0,33730.0
1992,Nagapattinam,12586.0,18194.0,4311.0,5339.0,9953.0,4632.0,26850.0,28165.0
1992,Pudukkottai,2787.0,11623.0,1581.0,2511.0,1913.0,1941.0,6281.0,16075.0
1992,Ramananthapuram,680.0,7507.0,262.0,1345.0,86.0,210.0,1028.0,9062.0
1992,Salem,9165.0,16950.0,4767.0,5744.0,7696.0,5572.0,21628.0,28266.0
1992,Sivagangai,1383.0,7978.0,487.0,1362.0,311.0,824.0,2181.0,10164.0
1992,Thanjavur,18409.0,19730.0,7449.0,6431.0,9168.0,5525.0,35026.0,31686.0
1992,The Nilgiris,2246.0,1336.0,348.0,499.0,1340.0,697.0,3934.0,2532.0
1992,Thirunelveli,8838.0,17843.0,3559.0,4347.0,5135.0,3486.0,17532.0,25676.0
1992,Thoothukudi,1949.0,4403.0,1206.0,1283.0,1268.0,1064.0,4423.0,6750.0
1992,Tiruchirappalli,14686.0,24407.0,7011.0,8056.0,10529.0,8515.0,32226.0,40978.0
1992,Tiruvannamalai,5095.0,10954.0,2196.0,3698.0,2714.0,1746.0,10005.0,16398.0
1992,Vellore,7805.0,15168.0,3211.0,4561.0,4669.0,5560.0,15685.0,25289.0
1992,Virudhunagar,2708.0,8192.0,1626.0,1497.0,1924.0,1467.0,6258.0,11156.0
1993,Coimbatore,12273.0,13346.0,3814.0,4780.0,9936.0,5658.0,26023.0,23784.0
1993,Cuddalore,15561.0,16497.0,7053.0,6008.0,7041.0,7628.0,29655.0,30133.0
1993,Dharmapuri,3240.0,6528.0,1632.0,2931.0,1575.0,3448.0,6447.0,12907.0
1993,Dindigul,2299.0,8575.0,1983.0,3496.0,1914.0,4061.0,6196.0,16132.0
1993,Erode,10782.0,16288.0,5019.0,6297.0,7385.0,8273.0,23186.0,30858.0
1993,Kancheepuram,9899.0,24735.0,4262.0,9558.0,3402.0,8988.0,17563.0,43281.0
1993,Kanyakumari,3455.0,4416.0,1021.0,1894.0,1472.0,2303.0,5948.0,8613.0
1993,Madurai,5729.0,18952.0,4058.0,7370.0,6931.0,10699.0,16718.0,37021.0
1993,Nagapattinam,10199.0,10024.0,5135.0,3361.0,4881.0,5475.0,20215.0,18860.0
1993,Pudukkottai,2838.0,10369.0,1127.0,3418.0,1410.0,3580.0,5375.0,17367.0
1993,Ramananthapuram,1578.0,6566.0,311.0,1446.0,123.0,773.0,2012.0,8785.0
1993,Salem,9817.0,13493.0,4983.0,6133.0,7353.0,6940.0,22153.0,26566.0
1993,Sivagangai,1489.0,5678.0,500.0,1446.0,163.0,1387.0,2152.0,8511.0
1993,Thanjavur,17142.0,16737.0,5863.0,5686.0,10114.0,7787.0,33119.0,30210.0
1993,The Nilgiris,3045.0,1635.0,938.0,677.0,267.0,2262.0,4250.0,4574.0
1993,Thirunelveli,7195.0,12626.0,2139.0,4674.0,2394.0,9971.0,11728.0,27271.0
1993,Thoothukudi,1597.0,4564.0,977.0,1356.0,850.0,2066.0,3424.0,7986.0
1993,Tiruchirappalli,13454.0,25285.0,5684.0,8950.0,8452.0,11518.0,27590.0,45753.0
1993,Tiruvannamalai,3820.0,10618.0,1714.0,4824.0,1430.0,4595.0,6964.0,20037.0
1993,Vellore,7881.0,16861.0,2982.0,6279.0,3917.0,6346.0,14780.0,29486.0
1993,Villupuram,0.0,17089.0,0.0,5834.0,0.0,6081.0,0.0,29004.0
1993,Virudhunagar,2189.0,7516.0,1047.0,2683.0,1663.0,3182.0,4899.0,13381.0
1994,Coimbatore,8904.0,16209.0,5124.0,4196.0,9705.0,10515.0,23733.0,30920.0
1994,Cuddalore,11141.0,18711.0,6860.0,6094.0,7129.0,7526.0,25130.0,32331.0
1994,Dharmapuri,3480.0,5895.0,2835.0,2570.0,4016.0,2743.0,10331.0,11208.0
1994,Dindigul,4266.0,8705.0,2686.0,3188.0,3561.0,3650.0,10513.0,15543.0
1994,Erode,11426.0,16677.0,7301.0,4352.0,7441.0,5008.0,26168.0,26037.0
1994,Kancheepuram,11179.0,27380.0,6027.0,9683.0,5801.0,8459.0,23007.0,45522.0
1994,Kanyakumari,2858.0,3680.0,1636.0,1712.0,2490.0,2031.0,6984.0,7423.0
1994,Madurai,12647.0,19854.0,6186.0,6324.0,10199.0,12084.0,29032.0,38262.0
1994,Nagapattinam,13087.0,16404.0,9627.0,4813.0,8979.0,4380.0,31693.0,25597.0
1994,Pudukkottai,3866.0,9813.0,2225.0,2434.0,2818.0,3010.0,8909.0,15257.0
1994,Ramananthapuram,1095.0,6017.0,841.0,1254.0,654.0,888.0,2590.0,8159.0
1994,Salem,11204.0,15578.0,5792.0,5019.0,9573.0,9275.0,26569.0,29872.0
1994,Sivagangai,1800.0,4130.0,784.0,1286.0,1750.0,1279.0,4334.0,6695.0
1994,Thanjavur,16008.0,21900.0,9449.0,4404.0,9390.0,7051.0,34847.0,33355.0
1994,The Nilgiris,1762.0,3207.0,689.0,597.0,2197.0,1070.0,4648.0,4874.0
1994,Thirunelveli,7269.0,11303.0,3536.0,3401.0,4252.0,5528.0,15057.0,20232.0
1994,Thoothukudi,2134.0,3814.0,1387.0,1507.0,1770.0,1343.0,5291.0,6664.0
1994,Tiruchirappalli,16300.0,22387.0,7979.0,5346.0,12659.0,11304.0,36938.0,39037.0
1994,Tiruvannamalai,5194.0,17391.0,3166.0,4822.0,3491.0,4341.0,11851.0,26554.0
1994,Vellore,10536.0,16172.0,4307.0,5698.0,5956.0,6847.0,20799.0,28717.0
1994,Villupuram,11052.0,15441.0,4536.0,5026.0,6741.0,6218.0,22329.0,26685.0
1994,Virudhunagar,2982.0,4977.0,1662.0,1420.0,1811.0,2030.0,6455.0,8427.0
1995,Coimbatore,12015.0,10637.0,4101.0,3720.0,9574.0,7806.0,25690.0,22163.0
1995,Cuddalore,10625.0,13386.0,3705.0,4717.0,4504.0,5085.0,18834.0,23188.0
1995,Dharmapuri,5438.0,6073.0,2482.0,2509.0,3540.0,2586.0,11460.0,11168.0
1995,Dindigul,4634.0,5591.0,2144.0,1745.0,2066.0,3188.0,8844.0,10524.0
1995,Erode,12160.0,14208.0,4250.0,4092.0,5352.0,5154.0,21762.0,23454.0
1995,Kancheepuram,13870.0,30843.0,4955.0,7674.0,5476.0,6662.0,24301.0,45179.0
1995,Kanyakumari,3385.0,3083.0,1591.0,1475.0,1999.0,2060.0,6975.0,6618.0
1995,Madurai,14455.0,14794.0,5008.0,4491.0,13048.0,12554.0,32511.0,31839.0
1995,Nagapattinam,12800.0,20383.0,6446.0,5828.0,5931.0,4483.0,25177.0,30694.0
1995,Pudukkottai,3615.0,6444.0,1430.0,1699.0,2179.0,2523.0,7224.0,10666.0
1995,Ramananthapuram,1147.0,4244.0,980.0,1062.0,598.0,1477.0,2725.0,6783.0
1995,Salem,9897.0,13638.0,3718.0,4137.0,6101.0,6553.0,19716.0,24328.0
1995,Sivagangai,2259.0,2617.0,664.0,530.0,314.0,458.0,3237.0,3605.0
1995,Thanjavur,13633.0,22544.0,5834.0,5297.0,4645.0,5995.0,24112.0,33836.0
1995,The Nilgiris,3112.0,1989.0,854.0,890.0,647.0,1860.0,4613.0,4739.0
1995,Thirunelveli,7948.0,12328.0,2817.0,2735.0,3823.0,4450.0,14588.0,19513.0
1995,Thoothukudi,2980.0,2885.0,1187.0,887.0,1246.0,1023.0,5413.0,4795.0
1995,Tiruchirappalli,15858.0,20716.0,5203.0,5422.0,8793.0,11818.0,29854.0,37956.0
1995,Tiruvannamalai,7283.0,9807.0,3119.0,3622.0,2429.0,3838.0,12831.0,17267.0
1995,Vellore,9687.0,15994.0,3482.0,4713.0,4091.0,5511.0,17260.0,26218.0
1995,Villupuram,9994.0,12870.0,3662.0,4792.0,5513.0,5979.0,19169.0,23641.0
1995,Virudhunagar,2619.0,3445.0,1305.0,667.0,1600.0,1243.0,5524.0,5355.0
1996,Coimbatore,11783.0,14381.0,2792.0,3984.0,8279.0,5926.0,22854.0,24291.0
1996,Cuddalore,11123.0,15423.0,5420.0,4747.0,5267.0,4518.0,21810.0,24688.0
1996,Dharmapuri,4356.0,9381.0,1750.0,3978.0,2493.0,3135.0,8599.0,16494.0
1996,Dindigul,4344.0,8126.0,1926.0,2923.0,1433.0,2889.0,7703.0,13938.0
1996,Erode,11510.0,22227.0,2595.0,5519.0,4728.0,4828.0,18833.0,32574.0
1996,Kancheepuram,11901.0,23821.0,3803.0,8887.0,2353.0,7158.0,18057.0,39866.0
1996,Kanyakumari,2776.0,3094.0,1067.0,1370.0,1775.0,1892.0,5618.0,6356.0
1996,Karur,-1.0,-1.0,-1.0,-1.0,-1.0,-1.0,-1.0,-1.0
1996,Madurai,12311.0,20672.0,3873.0,5747.0,6134.0,8435.0,22318.0,34854.0
1996,Nagapattinam,13245.0,16208.0,2716.0,4154.0,2343.0,3544.0,18304.0,23906.0
1996,Perambular,-1.0,-1.0,-1.0,-1.0,-1.0,-1.0,-1.0,-1.0
1996,Pudukkottai,8415.0,8074.0,2546.0,2310.0,5933.0,2283.0,16894.0,12667.0
1996,Ramananthapuram,14793.0,4918.0,540.0,1197.0,1158.0,610.0,16491.0,6725.0
1996,Salem,7828.0,19422.0,3206.0,6379.0,5136.0,6125.0,16170.0,31926.0
1996,Sivagangai,1876.0,3900.0,408.0,660.0,109.0,392.0,2393.0,4952.0
1996,Thanjavur,12606.0,20786.0,3412.0,5698.0,4258.0,5524.0,20276.0,32008.0
1996,The Nilgiris,3451.0,2689.0,655.0,741.0,403.0,322.0,4509.0,3752.0
1996,Theni,-1.0,-1.0,-1.0,-1.0,-1.0,-1.0,-1.0,-1.0
1996,Thirunelveli,6588.0,9978.0,1761.0,3067.0,1923.0,2962.0,10272.0,16007.0
1996,Thiruvallur,-1.0,-1.0,-1.0,-1.0,-1.0,-1.0,-1.0,-1.0
1996,Thiruvarur,-1.0,-1.0,-1.0,-1.0,-1.0,-1.0,-1.0,-1.0
1996,Thoothukudi,2255.0,2909.0,652.0,972.0,675.0,986.0,3582.0,4867.0
1996,Tiruchirappalli,12629.0,30159.0,4351.0,9530.0,6876.0,9873.0,23856.0,49562.0
1996,Tiruvannamalai,5597.0,14921.0,1879.0,5768.0,1831.0,3812.0,9307.0,24501.0
1996,Vellore,9871.0,22404.0,2724.0,6993.0,3637.0,5216.0,16232.0,34613.0
1996,Villupuram,11407.0,22692.0,2791.0,7956.0,4117.0,8661.0,18315.0,39309.0
1996,Virudhunagar,2012.0,4853.0,452.0,1160.0,471.0,1794.0,2935.0,7807.0
1997,Coimbatore,17434.0,15552.0,5607.0,4604.0,15290.0,8835.0,38331.0,28991.0
1997,Cuddalore,11294.0,12759.0,4989.0,4300.0,5223.0,5216.0,21506.0,22275.0
1997,Dharmapuri,7998.0,8280.0,4207.0,3175.0,5207.0,2850.0,17412.0,14305.0
1997,Dindigul,4994.0,9858.0,2906.0,3763.0,2389.0,4437.0,10289.0,18058.0
1997,Erode,15981.0,18141.0,8049.0,6225.0,7851.0,7969.0,31881.0,32335.0
1997,Kancheepuram,12976.0,23168.0,5852.0,7045.0,4618.0,6475.0,23446.0,36688.0
1997,Kanyakumari,2977.0,3188.0,1618.0,1533.0,2079.0,1887.0,6674.0,6608.0
1997,Karur,0.0,641.0,0.0,525.0,0.0,789.0,0.0,1955.0
1997,Madurai,11086.0,19705.0,5365.0,5345.0,6939.0,9801.0,23390.0,34851.0
1997,Nagapattinam,16403.0,12486.0,8603.0,2597.0,4490.0,2965.0,29496.0,18048.0
1997,Namakkal,0.0,805.0,0.0,479.0,0.0,83.0,0.0,1367.0
1997,Perambular,0.0,2319.0,0.0,1707.0,0.0,1898.0,0.0,5924.0
1997,Pudukkottai,5649.0,13301.0,5178.0,4790.0,4083.0,6576.0,14910.0,24667.0
1997,Ramananthapuram,1957.0,8823.0,844.0,1281.0,616.0,1100.0,3417.0,11204.0
1997,Salem,12260.0,13627.0,6300.0,5903.0,12244.0,5857.0,30804.0,25387.0
1997,Sivagangai,1537.0,5941.0,616.0,990.0,562.0,899.0,2715.0,7830.0
1997,Thanjavur,19516.0,18440.0,6871.0,3212.0,6588.0,3943.0,32975.0,25595.0
1997,The Nilgiris,3513.0,2935.0,910.0,389.0,2730.0,1800.0,7153.0,5124.0
1997,Theni,0.0,4151.0,0.0,1616.0,0.0,1568.0,0.0,7335.0
1997,Thirunelveli,5005.0,16858.0,2279.0,5105.0,2412.0,5814.0,9696.0,27777.0
1997,Thiruvallur,0.0,1548.0,0.0,1471.0,0.0,1862.0,0.0,4881.0
1997,Thiruvarur,0.0,1054.0,0.0,238.0,0.0,638.0,0.0,1930.0
1997,Thoothukudi,2908.0,3815.0,1004.0,1196.0,842.0,1424.0,4754.0,6435.0
1997,Tiruchirappalli,20506.0,20666.0,11216.0,7074.0,17023.0,14360.0,48745.0,42100.0
1997,Tiruvannamalai,8396.0,14397.0,4974.0,5900.0,4464.0,5489.0,17834.0,25786.0
1997,Vellore,13898.0,16452.0,5734.0,5061.0,6543.0,5166.0,26175.0,26679.0
1997,Villupuram,12315.0,20376.0,5919.0,7700.0,7031.0,7695.0,25265.0,35771.0
1997,Virudhunagar,2126.0,7569.0,954.0,1722.0,1030.0,2322.0,4110.0,11613.0
1998,Chennai,-1.0,-1.0,-1.0,-1.0,-1.0,-1.0,-1.0,-1.0
1998,Coimbatore,-1.0,-1.0,-1.0,-1.0,-1.0,-1.0,-1.0,-1.0
1998,Cuddalore,-1.0,-1.0,-1.0,-1.0,-1.0,-1.0,-1.0,-1.0
1998,Dharmapuri,-1.0,-1.0,-1.0,-1.0,-1.0,-1.0,-1.0,-1.0
1998,Dindigul,-1.0,-1.0,-1.0,-1.0,-1.0,-1.0,-1.0,-1.0
1998,Erode,-1.0,-1.0,-1.0,-1.0,-1.0,-1.0,-1.0,-1.0
1998,Kancheepuram,-1.0,-1.0,-1.0,-1.0,-1.0,-1.0,-1.0,-1.0
1998,Kanyakumari,-1.0,-1.0,-1.0,-1.0,-1.0,-1.0,-1.0,-1.0
1998,Karur,-1.0,-1.0,-1.0,-1.0,-1.0,-1.0,-1.0,-1.0
1998,Madurai,-1.0,-1.0,-1.0,-1.0,-1.0,-1.0,-1.0,-1.0
1998,Nagapattinam,-1.0,-1.0,-1.0,-1.0,-1.0,-1.0,-1.0,-1.0
1998,Namakkal,-1.0,-1.0,-1.0,-1.0,-1.0,-1.0,-1.0,-1.0
1998,Perambular,-1.0,-1.0,-1.0,-1.0,-1.0,-1.0,-1.0,-1.0
1998,Pudukkottai,-1.0,-1.0,-1.0,-1.0,-1.0,-1.0,-1.0,-1.0
1998,Ramananthapuram,-1.0,-1.0,-1.0,-1.0,-1.0,-1.0,-1.0,-1.0
1998,Salem,-1.0,-1.0,-1.0,-1.0,-1.0,-1.0,-1.0,-1.0
1998,Sivagangai,-1.0,-1.0,-1.0,-1.0,-1.0,-1.0,-1.0,-1.0
1998,Thanjavur,-1.0,-1.0,-1.0,-1.0,-1.0,-1.0,-1.0,-1.0
1998,The Nilgiris,-1.0,-1.0,-1.0,-1.0,-1.0,-1.0,-1.0,-1.0
1998,Theni,-1.0,-1.0,-1.0,-1.0,-1.0,-1.0,-1.0,-1.0
1998,Thirunelveli,-1.0,-1.0,-1.0,-1.0,-1.0,-1.0,-1.0,-1.0
1998,Thiruvallur,-1.0,-1.0,-1.0,-1.0,-1.0,-1.0,-1.0,-1.0
1998,Thiruvarur,-1.0,-1.0,-1.0,-1.0,-1.0,-1.0,-1.0,-1.0
1998,Thoothukudi,-1.0,-1.0,-1.0,-1.0,-1.0,-1.0,-1.0,-1.0
1998,Tiruchirappalli,-1.0,-1.0,-1.0,-1.0,-1.0,-1.0,-1.0,-1.0
1998,Tiruvannamalai,-1.0,-1.0,-1.0,-1.0,-1.0,-1.0,-1.0,-1.0
1998,Vellore,-1.0,-1.0,-1.0,-1.0,-1.0,-1.0,-1.0,-1.0
1998,Villupuram,-1.0,-1.0,-1.0,-1.0,-1.0,-1.0,-1.0,-1.0
1998,Virudhunagar,-1.0,-1.0,-1.0,-1.0,-1.0,-1.0,-1.0,-1.0
1999,Chennai,-1.0,-1.0,-1.0,-1.0,-1.0,-1.0,-1.0,-1.0
1999,Coimbatore,-1.0,-1.0,-1.0,-1.0,-1.0,-1.0,-1.0,-1.0
1999,Cuddalore,-1.0,-1.0,-1.0,-1.0,-1.0,-1.0,-1.0,-1.0
1999,Dharmapuri,-1.0,-1.0,-1.0,-1.0,-1.0,-1.0,-1.0,-1.0
1999,Dindigul,-1.0,-1.0,-1.0,-1.0,-1.0,-1.0,-1.0,-1.0
1999,Erode,-1.0,-1.0,-1.0,-1.0,-1.0,-1.0,-1.0,-1.0
1999,Kancheepuram,-1.0,-1.0,-1.0,-1.0,-1.0,-1.0,-1.0,-1.0
1999,Kanyakumari,-1.0,-1.0,-1.0,-1.0,-1.0,-1.0,-1.0,-1.0
1999,Karur,-1.0,-1.0,-1.0,-1.0,-1.0,-1.0,-1.0,-1.0
1999,Madurai,-1.0,-1.0,-1.0,-1.0,-1.0,-1.0,-1.0,-1.0
1999,Nagapattinam,-1.0,-1.0,-1.0,-1.0,-1.0,-1.0,-1.0,-1.0
1999,Namakkal,-1.0,-1.0,-1.0,-1.0,-1.0,-1.0,-1.0,-1.0
1999,Perambular,-1.0,-1.0,-1.0,-1.0,-1.0,-1.0,-1.0,-1.0
1999,Pudukkottai,-1.0,-1.0,-1.0,-1.0,-1.0,-1.0,-1.0,-1.0
1999,Ramananthapuram,-1.0,-1.0,-1.0,-1.0,-1.0,-1.0,-1.0,-1.0
1999,Salem,-1.0,-1.0,-1.0,-1.0,-1.0,-1.0,-1.0,-1.0
1999,Sivagangai,-1.0,-1.0,-1.0,-1.0,-1.0,-1.0,-1.0,-1.0
1999,Thanjavur,-1.0,-1.0,-1.0,-1.0,-1.0,-1.0,-1.0,-1.0
1999,The Nilgiris,-1.0,-1.0,-1.0,-1.0,-1.0,-1.0,-1.0,-1.0
1999,Theni,-1.0,-1.0,-1.0,-1.0,-1.0,-1.0,-1.0,-1.0
1999,Thirunelveli,-1.0,-1.0,-1.0,-1.0,-1.0,-1.0,-1.0,-1.0
1999,Thiruvallur,-1.0,-1.0,-1.0,-1.0,-1.0,-1.0,-1.0,-1.0
1999,Thiruvarur,-1.0,-1.0,-1.0,-1.0,-1.0,-1.0,-1.0,-1.0
1999,Thoothukudi,-1.0,-1.0,-1.0,-1.0,-1.0,-1.0,-1.0,-1.0
1999,Tiruchirappalli,-1.0,-1.0,-1.0,-1.0,-1.0,-1.0,-1.0,-1.0
1999,Tiruvannamalai,-1.0,-1.0,-1.0,-1.0,-1.0,-1.0,-1.0,-1.0
1999,Vellore,-1.0,-1.0,-1.0,-1.0,-1.0,-1.0,-1.0,-1.0
1999,Villupuram,-1.0,-1.0,-1.0,-1.0,-1.0,-1.0,-1.0,-1.0
1999,Virudhunagar,-1.0,-1.0,-1.0,-1.0,-1.0,-1.0,-1.0,-1.0
2000,Chennai,-1.0,-1.0,-1.0,-1.0,-1.0,-1.0,-1.0,-1.0
2000,Coimbatore,16700.0,15286.0,5537.0,5256.0,10189.0,12526.0,32426.0,33068.0
2000,Cuddalore,13529.0,13542.0,4509.0,7178.0,4845.0,6319.0,22883.0,27039.0
2000,Dharmapuri,8585.0,8707.0,4819.0,4262.0,3210.0,3638.0,16614.0,16607.0
2000,Dindigul,6529.0,7387.0,3153.0,3580.0,2640.0,3830.0,12322.0,14797.0
2000,Erode,15773.0,20959.0,5024.0,6382.0,6441.0,6981.0,27238.0,34322.0
2000,Kancheepuram,9689.0,12275.0,2950.0,5270.0,2194.0,3980.0,14833.0,21525.0
2000,Kanyakumari,3384.0,3444.0,1628.0,1569.0,1765.0,1957.0,6777.0,6970.0
2000,Karur,3220.0,4842.0,1071.0,1476.0,753.0,1137.0,5044.0,7455.0
2000,Madurai,8955.0,15419.0,3510.0,7468.0,4106.0,9387.0,16571.0,32274.0
2000,Nagapattinam,7021.0,8203.0,2064.0,3053.0,1506.0,3742.0,10591.0,14998.0
2000,Namakkal,3574.0,4946.0,1536.0,1939.0,2006.0,2367.0,7116.0,9252.0
2000,Perambular,5661.0,5939.0,2349.0,1663.0,2015.0,1836.0,10025.0,9438.0
2000,Pudukkottai,5267.0,14467.0,2384.0,3959.0,1811.0,4702.0,9462.0,23128.0
2000,Ramananthapuram,1860.0,4797.0,665.0,1315.0,342.0,489.0,2867.0,6601.0
2000,Salem,9610.0,14687.0,4435.0,5619.0,7376.0,5138.0,21421.0,25444.0
2000,Sivagangai,2464.0,5143.0,662.0,1219.0,352.0,965.0,3478.0,7327.0
2000,Thanjavur,15988.0,23804.0,4626.0,7722.0,3446.0,7420.0,24060.0,38946.0
2000,The Nilgiris,2474.0,2789.0,709.0,841.0,1903.0,966.0,5086.0,4596.0
2000,Theni,7572.0,7260.0,5295.0,2663.0,2215.0,2500.0,15082.0,12423.0
2000,Thirunelveli,9653.0,13924.0,4068.0,4248.0,3367.0,5398.0,17088.0,23570.0
2000,Thiruvallur,9572.0,10522.0,3783.0,3926.0,1123.0,2851.0,14478.0,17299.0
2000,Thiruvarur,10909.0,14595.0,5007.0,5605.0,2377.0,5787.0,18293.0,25987.0
2000,Thoothukudi,2567.0,4519.0,1239.0,908.0,574.0,948.0,4380.0,6375.0
2000,Tiruchirappalli,12725.0,19458.0,5221.0,8064.0,5566.0,9569.0,23512.0,37091.0
2000,Tiruvannamalai,8618.0,16576.0,3038.0,6366.0,2187.0,4604.0,13843.0,27546.0
2000,Vellore,10359.0,16543.0,3484.0,5430.0,3676.0,5170.0,17519.0,27143.0
2000,Villupuram,14753.0,21666.0,5084.0,10426.0,5125.0,8396.0,24962.0,40488.0
2000,Virudhunagar,3245.0,5209.0,1493.0,1196.0,833.0,1346.0,5571.0,7751.0
2001,Chennai,-1.0,-1.0,-1.0,-1.0,-1.0,-1.0,-1.0,-1.0
2001,Coimbatore,12148.0,14060.0,4847.0,5883.0,12740.0,11203.0,29735.0,31146.0
2001,Cuddalore,11285.0,16794.0,4170.0,5771.0,4045.0,5280.0,19500.0,27845.0
2001,Dharmapuri,4638.0,9392.0,3271.0,4582.0,3945.0,3592.0,11854.0,17566.0
2001,Dindigul,4063.0,7344.0,2183.0,3162.0,2116.0,2950.0,8362.0,13456.0
2001,Erode,14845.0,17929.0,6821.0,7123.0,6308.0,6266.0,27974.0,31318.0
2001,Kancheepuram,4962.0,15290.0,1675.0,6354.0,1341.0,5210.0,7978.0,26854.0
2001,Kanyakumari,2796.0,3690.0,1612.0,2310.0,1830.0,2374.0,6238.0,8374.0
2001,Karur,2548.0,2766.0,1069.0,1012.0,1233.0,1842.0,4850.0,5620.0
2001,Madurai,6053.0,12711.0,2979.0,4466.0,3296.0,6270.0,12328.0,23447.0
2001,Nagapattinam,7431.0,8264.0,2875.0,2799.0,2009.0,3573.0,12315.0,14636.0
2001,Namakkal,2740.0,5150.0,1515.0,2627.0,2758.0,2085.0,7013.0,9862.0
2001,Perambular,3079.0,5375.0,1836.0,2570.0,1914.0,2640.0,6829.0,10585.0
2001,Pudukkottai,5383.0,13401.0,1896.0,4260.0,1573.0,3896.0,8852.0,21557.0
2001,Ramananthapuram,1415.0,6307.0,619.0,1818.0,203.0,555.0,2237.0,8680.0
2001,Salem,8589.0,14429.0,3972.0,5730.0,7217.0,5443.0,19778.0,25602.0
2001,Sivagangai,2067.0,5295.0,582.0,1431.0,446.0,926.0,3095.0,7652.0
2001,Thanjavur,16428.0,21634.0,6181.0,7596.0,4161.0,7452.0,26770.0,36682.0
2001,The Nilgiris,4180.0,1849.0,883.0,858.0,3244.0,1770.0,8307.0,4477.0
2001,Theni,5827.0,6147.0,2489.0,2853.0,2464.0,2766.0,10780.0,11766.0
2001,Thirunelveli,7320.0,12425.0,3759.0,5106.0,4013.0,5616.0,15092.0,23147.0
2001,Thiruvallur,7912.0,13676.0,3035.0,5325.0,1875.0,3841.0,12822.0,22842.0
2001,Thiruvarur,11129.0,11649.0,4835.0,4084.0,2298.0,4239.0,18262.0,19972.0
2001,Thoothukudi,1180.0,2217.0,578.0,798.0,416.0,766.0,2174.0,3781.0
2001,Tiruchirappalli,11513.0,22287.0,4832.0,8548.0,9001.0,16208.0,25346.0,47043.0
2001,Tiruvannamalai,5920.0,17385.0,3213.0,7038.0,2394.0,6160.0,11527.0,30583.0
2001,Vellore,8616.0,18997.0,3127.0,7442.0,3465.0,9775.0,15208.0,36214.0
2001,Villupuram,11229.0,25367.0,5339.0,10318.0,5369.0,10884.0,21937.0,46569.0
2001,Virudhunagar,2176.0,5688.0,1257.0,1821.0,787.0,1857.0,4220.0,9366.0
2002,Chennai,-1.0,-1.0,-1.0,-1.0,-1.0,-1.0,-1.0,-1.0
2002,Coimbatore,8000.0,14256.0,3523.0,4469.0,8524.0,8906.0,20047.0,27631.0
2002,Cuddalore,9942.0,14088.0,2983.0,3871.0,3923.0,5033.0,16848.0,22992.0
2002,Dharmapuri,5126.0,5432.0,2450.0,1549.0,2301.0,1148.0,9877.0,8129.0
2002,Dindigul,2708.0,8108.0,1415.0,2778.0,1254.0,2426.0,5377.0,13312.0
2002,Erode,8426.0,15962.0,3754.0,6046.0,3356.0,3683.0,15536.0,25691.0
2002,Kancheepuram,5508.0,10736.0,1913.0,4224.0,1545.0,5475.0,8966.0,20435.0
2002,Kanyakumari,1995.0,3687.0,913.0,1878.0,1703.0,2151.0,4611.0,7716.0
2002,Karur,1506.0,3553.0,469.0,1261.0,817.0,1073.0,2792.0,5887.0
2002,Madurai,5552.0,11751.0,4525.0,3681.0,4273.0,7100.0,14350.0,22532.0
2002,Nagapattinam,5915.0,9537.0,2006.0,1951.0,1837.0,2792.0,9758.0,14280.0
2002,Namakkal,2443.0,3740.0,855.0,1665.0,1137.0,936.0,4435.0,6341.0
2002,Perambular,2964.0,4021.0,1233.0,1647.0,1049.0,1097.0,5246.0,6765.0
2002,Pudukkottai,5687.0,16321.0,1313.0,6556.0,1774.0,4382.0,8774.0,27259.0
2002,Ramananthapuram,1282.0,5616.0,877.0,1508.0,173.0,508.0,2332.0,7632.0
2002,Salem,6152.0,11386.0,2542.0,3159.0,6324.0,4669.0,15018.0,19214.0
2002,Sivagangai,1633.0,5287.0,662.0,1326.0,373.0,793.0,2668.0,7406.0
2002,Thanjavur,10677.0,19626.0,3605.0,4577.0,3417.0,5412.0,17699.0,29615.0
2002,The Nilgiris,2788.0,2503.0,1156.0,525.0,2434.0,1533.0,6378.0,4561.0
2002,Theni,3686.0,5325.0,2011.0,2110.0,2393.0,3465.0,8090.0,10900.0
2002,Thirunelveli,6190.0,16413.0,3314.0,5811.0,2191.0,5614.0,11695.0,27838.0
2002,Thiruvallur,9791.0,11381.0,2821.0,4717.0,1576.0,3175.0,14188.0,19273.0
2002,Thiruvarur,4188.0,12029.0,2107.0,3478.0,1505.0,2909.0,7800.0,18416.0
2002,Thoothukudi,901.0,2249.0,366.0,719.0,349.0,914.0,1616.0,3882.0
2002,Tiruchirappalli,8922.0,17873.0,3248.0,6500.0,6479.0,11386.0,18649.0,35759.0
2002,Tiruvannamalai,5347.0,9680.0,2380.0,3200.0,2173.0,2700.0,9900.0,15580.0
2002,Vellore,8400.0,11675.0,2799.0,3691.0,3280.0,3247.0,14479.0,18613.0
2002,Villupuram,8084.0,16316.0,3505.0,6287.0,4698.0,5476.0,16287.0,28079.0
2002,Virudhunagar,2427.0,5597.0,1202.0,1746.0,1154.0,1879.0,4783.0,9222.0
2003,Chennai,-1.0,-1.0,-1.0,-1.0,-1.0,-1.0,-1.0,-1.0
2003,Coimbatore,5846.0,13077.0,3683.0,3294.0,9960.0,8162.0,19489.0,24533.0
2003,Cuddalore,8069.0,13833.0,3168.0,4641.0,4407.0,4941.0,15644.0,23415.0
2003,Dharmapuri,3192.0,2970.0,1887.0,1470.0,1777.0,1431.0,6856.0,5871.0
2003,Dindigul,2066.0,8242.0,1442.0,3140.0,1973.0,2279.0,5481.0,13661.0
2003,Erode,5903.0,11598.0,4322.0,6632.0,4209.0,4053.0,14434.0,22283.0
2003,Kancheepuram,4389.0,11533.0,2102.0,4497.0,2384.0,5858.0,8875.0,21888.0
2003,Kanyakumari,1580.0,3193.0,1279.0,1484.0,1839.0,2382.0,4698.0,7059.0
2003,Karur,829.0,2227.0,347.0,933.0,589.0,842.0,1765.0,4002.0
2003,Krishnagiri,-1.0,-1.0,-1.0,-1.0,-1.0,-1.0,-1.0,-1.0
2003,Madurai,3792.0,9500.0,2036.0,3743.0,3599.0,4080.0,9427.0,17323.0
2003,Nagapattinam,5222.0,9819.0,1825.0,2611.0,1683.0,2877.0,8730.0,15307.0
2003,Namakkal,795.0,2683.0,444.0,1347.0,688.0,720.0,1927.0,4750.0
2003,Perambular,2234.0,4463.0,1707.0,1882.0,1215.0,951.0,5156.0,7296.0
2003,Pudukkottai,5470.0,15467.0,3402.0,7663.0,3755.0,4865.0,12627.0,27995.0
2003,Ramananthapuram,1008.0,5071.0,641.0,1748.0,359.0,431.0,2008.0,7250.0
2003,Salem,6810.0,10919.0,3234.0,5128.0,7092.0,8206.0,17136.0,24253.0
2003,Sivagangai,1430.0,3510.0,528.0,830.0,525.0,511.0,2483.0,4851.0
2003,Thanjavur,7597.0,18862.0,2033.0,4946.0,3100.0,5284.0,12730.0,29092.0
2003,The Nilgiris,2832.0,1852.0,890.0,560.0,2267.0,1563.0,5989.0,3975.0
2003,Theni,3226.0,7060.0,1695.0,3182.0,2517.0,3047.0,7438.0,13289.0
2003,Thirunelveli,4184.0,13263.0,2824.0,4470.0,2537.0,4783.0,9545.0,22516.0
2003,Thiruvallur,5448.0,9562.0,2906.0,3819.0,1963.0,2441.0,10317.0,15822.0
2003,Thiruvarur,3980.0,11409.0,1463.0,3177.0,927.0,2487.0,6370.0,17073.0
2003,Thoothukudi,497.0,4193.0,348.0,1263.0,416.0,1138.0,1261.0,6594.0
2003,Tiruchirappalli,7645.0,18441.0,2532.0,8220.0,6296.0,9993.0,16473.0,36654.0
2003,Tiruvannamalai,4890.0,12072.0,2700.0,4344.0,2291.0,3052.0,9881.0,19468.0
2003,Vellore,7328.0,13058.0,2969.0,5046.0,3711.0,3267.0,14008.0,21371.0
2003,Villupuram,9458.0,19645.0,4249.0,9955.0,4542.0,6995.0,18249.0,36595.0
2003,Virudhunagar,1256.0,4052.0,752.0,1134.0,752.0,1969.0,2760.0,7155.0
2004,Chennai,-1.0,-1.0,-1.0,-1.0,-1.0,-1.0,-1.0,-1.0
2004,Coimbatore,7777.0,15983.0,3001.0,3940.0,8869.0,12931.0,19647.0,32854.0
2004,Cuddalore,8648.0,17136.0,4379.0,5461.0,5284.0,7476.0,18311.0,30073.0
2004,Dharmapuri,1901.0,3585.0,1303.0,1606.0,1494.0,2070.0,4698.0,7261.0
2004,Dindigul,5065.0,9945.0,2641.0,3519.0,2391.0,3325.0,10097.0,16789.0
2004,Erode,7736.0,14390.0,6753.0,8021.0,4385.0,6280.0,18874.0,28691.0
2004,Kancheepuram,7117.0,14218.0,4051.0,5207.0,6383.0,9218.0,17551.0,28643.0
2004,Kanyakumari,2054.0,3762.0,1312.0,1744.0,2524.0,3542.0,5890.0,9048.0
2004,Karur,1336.0,2657.0,764.0,1020.0,916.0,1328.0,3016.0,5005.0
2004,Krishnagiri,-1.0,-1.0,-1.0,-1.0,-1.0,-1.0,-1.0,-1.0
2004,Madurai,5860.0,11489.0,3157.0,4321.0,4413.0,6326.0,13430.0,22136.0
2004,Nagapattinam,5979.0,12253.0,2590.0,3124.0,3126.0,4516.0,11695.0,19893.0
2004,Namakkal,1718.0,3080.0,1065.0,1432.0,709.0,887.0,3492.0,5399.0
2004,Perambular,2848.0,5373.0,1706.0,2153.0,968.0,1278.0,5522.0,8804.0
2004,Pudukkottai,9838.0,18936.0,7173.0,9042.0,5291.0,7664.0,22302.0,35642.0
2004,Ramananthapuram,3150.0,6238.0,1603.0,2056.0,439.0,577.0,5192.0,8871.0
2004,Salem,6980.0,13280.0,4807.0,6074.0,8875.0,12711.0,20662.0,32065.0
2004,Sivagangai,2105.0,4370.0,786.0,980.0,552.0,789.0,3443.0,6139.0
2004,Thanjavur,11241.0,23104.0,4123.0,5742.0,5768.0,8300.0,21132.0,37146.0
2004,The Nilgiris,1114.0,2177.0,498.0,623.0,1700.0,2460.0,3312.0,5260.0
2004,Theni,4400.0,8458.0,2710.0,3643.0,3257.0,4654.0,10367.0,16755.0
2004,Thirunelveli,8228.0,16379.0,4383.0,5248.0,5159.0,7368.0,17770.0,28995.0
2004,Thiruvallur,6021.0,11550.0,3147.0,4307.0,2533.0,3491.0,11701.0,19348.0
2004,Thiruvarur,6921.0,14190.0,3045.0,3771.0,2696.0,3884.0,12662.0,21845.0
2004,Thoothukudi,2524.0,5033.0,1038.0,1428.0,1221.0,1740.0,4783.0,8201.0
2004,Tiruchirappalli,11718.0,22480.0,7927.0,9880.0,10831.0,15567.0,30476.0,47927.0
2004,Tiruvannamalai,7553.0,14827.0,4165.0,5151.0,3278.0,4571.0,14996.0,24549.0
2004,Vellore,7966.0,15783.0,4305.0,5628.0,3486.0,4904.0,15757.0,26315.0
2004,Villupuram,12699.0,24079.0,9452.0,11885.0,7597.0,10808.0,29748.0,46772.0
2004,Virudhunagar,2489.0,4988.0,1102.0,1325.0,2125.0,3046.0,5716.0,9359.0
2005,Chennai,-1.0,-1.0,-1.0,-1.0,-1.0,-1.0,-1.0,-1.0
2005,Coimbatore,10999.0,16713.0,3734.0,4448.0,10021.0,14167.0,24754.0,35328.0
2005,Cuddalore,11634.0,18028.0,5261.0,6377.0,5762.0,8299.0,22657.0,32704.0
2005,Dharmapuri,2498.0,3843.0,1667.0,1930.0,1821.0,2263.0,5986.0,8036.0
2005,Dindigul,6932.0,10444.0,3560.0,3997.0,2658.0,3633.0,13150.0,18074.0
2005,Erode,9755.0,15702.0,7520.0,10154.0,4727.0,6936.0,22002.0,32792.0
2005,Kancheepuram,9700.0,14878.0,5099.0,6357.0,6826.0,10232.0,21625.0,31467.0
2005,Kanyakumari,2686.0,3939.0,1682.0,1859.0,2776.0,3858.0,7144.0,9656.0
2005,Karur,1873.0,2813.0,1058.0,1224.0,980.0,1464.0,3911.0,5501.0
2005,Krishnagiri,-1.0,-1.0,-1.0,-1.0,-1.0,-1.0,-1.0,-1.0
2005,Madurai,7990.0,11952.0,4244.0,4917.0,4857.0,7016.0,17091.0,23885.0
2005,Nagapattinam,8259.0,13146.0,2961.0,3899.0,3356.0,4991.0,14576.0,22036.0
2005,Namakkal,2257.0,3193.0,1527.0,1551.0,840.0,933.0,4624.0,5677.0
2005,Perambular,3754.0,5604.0,2134.0,2493.0,1109.0,1361.0,6997.0,9458.0
2005,Pudukkottai,13009.0,20531.0,8689.0,11085.0,5674.0,8524.0,27372.0,40140.0
2005,Ramananthapuram,4265.0,6630.0,1982.0,2423.0,503.0,608.0,6750.0,9661.0
2005,Salem,9184.0,14274.0,5814.0,7284.0,9666.0,14162.0,24664.0,35720.0
2005,Sivagangai,2952.0,4616.0,941.0,1202.0,596.0,868.0,4489.0,6686.0
2005,Thanjavur,15864.0,24389.0,5608.0,6563.0,6162.0,9269.0,27634.0,40221.0
2005,The Nilgiris,1558.0,2266.0,635.0,711.0,1823.0,2720.0,4016.0,5697.0
2005,Theni,5938.0,8873.0,3608.0,4138.0,3554.0,5127.0,13100.0,18138.0
2005,Thirunelveli,11155.0,17588.0,5069.0,6573.0,5578.0,8147.0,21802.0,32308.0
2005,Thiruvallur,8042.0,11744.0,4331.0,4545.0,2847.0,3806.0,15220.0,20095.0
2005,Thiruvarur,9595.0,15245.0,3603.0,4704.0,2901.0,4343.0,16099.0,24292.0
2005,Thoothukudi,3527.0,5256.0,1432.0,1604.0,1327.0,1912.0,6286.0,8772.0
2005,Tiruchirappalli,15510.0,23897.0,9320.0,11931.0,11654.0,17278.0,36484.0,53106.0
2005,Tiruvannamalai,10153.0,15897.0,4926.0,6387.0,3559.0,5134.0,18638.0,27418.0
2005,Vellore,10982.0,16727.0,5722.0,6782.0,3816.0,5427.0,20520.0,28936.0
2005,Villupuram,16522.0,25786.0,11287.0,14676.0,8158.0,12173.0,35967.0,52635.0
2005,Virudhunagar,3408.0,5270.0,1286.0,1602.0,2296.0,3355.0,6990.0,10227.0
2006,Chennai,-1.0,-1.0,-1.0,-1.0,-1.0,-1.0,-1.0,-1.0
2006,Coimbatore,13188.0,14923.0,4460.0,7211.0,8222.0,13745.0,25870.0,35879.0
2006,Cuddalore,14439.0,13690.0,5779.0,5943.0,4763.0,5265.0,24981.0,24898.0
2006,Dharmapuri,2925.0,2552.0,1722.0,1473.0,1217.0,2551.0,5864.0,6576.0
2006,Dindigul,8405.0,9411.0,3897.0,3586.0,2041.0,3650.0,14343.0,16647.0
2006,Erode,14021.0,22630.0,10556.0,11033.0,4042.0,14845.0,28619.0,48508.0
2006,Kancheepuram,11478.0,11477.0,5853.0,5900.0,6034.0,3420.0,23365.0,20797.0
2006,Kanyakumari,3150.0,2415.0,1470.0,1361.0,2086.0,1822.0,6706.0,5598.0
2006,Karur,2180.0,3283.0,1002.0,1419.0,826.0,1606.0,4008.0,6308.0
2006,Krishnagiri,5958.0,2210.0,2530.0,1251.0,3277.0,481.0,11765.0,3942.0
2006,Madurai,9543.0,14277.0,4790.0,5626.0,3986.0,6628.0,18319.0,26531.0
2006,Nagapattinam,10487.0,4813.0,3701.0,1566.0,2779.0,2335.0,16967.0,8714.0
2006,Namakkal,2505.0,2563.0,1287.0,1226.0,429.0,960.0,4221.0,4749.0
2006,Perambular,4761.0,6264.0,2379.0,1998.0,769.0,2491.0,7909.0,10753.0
2006,Pudukkottai,16892.0,13948.0,10390.0,7892.0,4798.0,11045.0,32080.0,32885.0
2006,Ramananthapuram,5278.0,5269.0,2280.0,1588.0,281.0,827.0,7839.0,7684.0
2006,Salem,11312.0,20290.0,6787.0,10551.0,8116.0,12219.0,26215.0,43060.0
2006,Sivagangai,3721.0,6034.0,1175.0,1661.0,479.0,970.0,5375.0,8665.0
2006,Thanjavur,19776.0,14283.0,6420.0,2678.0,5625.0,9655.0,31821.0,26616.0
2006,The Nilgiris,1786.0,1414.0,679.0,861.0,1531.0,2753.0,3996.0,5028.0
2006,Theni,7354.0,4563.0,3822.0,2005.0,2868.0,1839.0,14044.0,8407.0
2006,Thirunelveli,13845.0,15476.0,6119.0,6218.0,4621.0,8259.0,24585.0,29953.0
2006,Thiruvallur,9701.0,10031.0,4552.0,3936.0,2240.0,2077.0,16493.0,16044.0
2006,Thiruvarur,12156.0,9202.0,4568.0,4215.0,2543.0,6007.0,19267.0,19424.0
2006,Thoothukudi,4232.0,6899.0,1504.0,2033.0,1048.0,2092.0,6784.0,11024.0
2006,Tiruchirappalli,19696.0,27324.0,11134.0,13943.0,10067.0,27900.0,40897.0,69167.0
2006,Tiruvannamalai,13135.0,16099.0,6415.0,6810.0,3357.0,5985.0,22907.0,28894.0
2006,Vellore,13836.0,16091.0,6539.0,6972.0,3243.0,6033.0,23618.0,29096.0
2006,Villupuram,21039.0,22052.0,14446.0,9245.0,7537.0,10655.0,43022.0,41952.0
2006,Virudhunagar,4114.0,5787.0,1471.0,1725.0,1865.0,1544.0,7450.0,9056.0
2007,Chennai,-1.0,-1.0,-1.0,-1.0,-1.0,-1.0,-1.0,-1.0
2007,Coimbatore,13345.0,16063.0,7468.0,5418.0,14984.0,10588.0,35797.0,32069.0
2007,Cuddalore,9429.0,13255.0,5337.0,4221.0,4971.0,5715.0,19737.0,23191.0
2007,Dharmapuri,2573.0,3213.0,1329.0,1104.0,2282.0,861.0,6184.0,5178.0
2007,Dindigul,4360.0,9052.0,2976.0,2069.0,2909.0,6187.0,10245.0,17308.0
2007,Erode,20549.0,22669.0,10626.0,6876.0,13739.0,12092.0,44914.0,41637.0
2007,Kancheepuram,5381.0,14672.0,2832.0,13200.0,2491.0,15359.0,10704.0,43231.0
2007,Kanyakumari,2060.0,1829.0,1405.0,636.0,2112.0,925.0,5577.0,3390.0
2007,Karur,1949.0,4617.0,1145.0,1812.0,1236.0,1889.0,4330.0,8318.0
2007,Krishnagiri,2129.0,1842.0,1307.0,639.0,458.0,439.0,3894.0,2920.0
2007,Madurai,8809.0,15943.0,4431.0,5451.0,4009.0,7996.0,17249.0,29390.0
2007,Nagapattinam,6300.0,5661.0,2602.0,1145.0,2172.0,3493.0,11074.0,10299.0
2007,Namakkal,2156.0,2789.0,1214.0,1130.0,1254.0,506.0,4624.0,4425.0
2007,Perambular,3824.0,5890.0,2463.0,2965.0,1642.0,1652.0,7929.0,10507.0
2007,Pudukkottai,11957.0,17211.0,6218.0,4778.0,9800.0,6585.0,27975.0,28574.0
2007,Ramananthapuram,1091.0,4574.0,754.0,802.0,288.0,655.0,2133.0,6031.0
2007,Salem,13768.0,20962.0,9232.0,9985.0,15199.0,11019.0,38199.0,41966.0
2007,Sivagangai,2141.0,4029.0,1313.0,935.0,1238.0,1530.0,4692.0,6494.0
2007,Thanjavur,13919.0,15638.0,6351.0,3067.0,9765.0,6122.0,30035.0,24827.0
2007,The Nilgiris,2431.0,917.0,989.0,401.0,2247.0,1300.0,5667.0,2618.0
2007,Theni,3250.0,5497.0,1976.0,1685.0,1517.0,1914.0,6743.0,9096.0
2007,Thirunelveli,11152.0,13920.0,5184.0,3385.0,6310.0,8373.0,22646.0,25678.0
2007,Thiruvallur,5378.0,11390.0,2446.0,2098.0,1069.0,2869.0,8893.0,16357.0
2007,Thiruvarur,8494.0,8937.0,5220.0,2182.0,4909.0,3417.0,18623.0,14536.0
2007,Thoothukudi,1945.0,9687.0,1146.0,890.0,1041.0,1793.0,4132.0,12370.0
2007,Tiruchirappalli,22271.0,32515.0,13926.0,13481.0,19217.0,20437.0,55414.0,66433.0
2007,Tiruvannamalai,9198.0,21197.0,4405.0,7614.0,5536.0,9492.0,19139.0,38303.0
2007,Vellore,9108.0,19782.0,4455.0,7402.0,4265.0,7611.0,17828.0,34795.0
2007,Villupuram,11863.0,21403.0,5475.0,5660.0,5554.0,8374.0,22892.0,35437.0
2007,Virudhunagar,2237.0,5120.0,1674.0,1192.0,802.0,1986.0,4713.0,8298.0
2008,Ariyalur,1808.0,3845.0,1033.0,772.0,1056.0,2062.0,3897.0,6679.0
2008,Chennai,-1.0,-1.0,-1.0,-1.0,-1.0,-1.0,-1.0,-1.0
2008,Coimbatore,16451.0,15440.0,6221.0,7332.0,15933.0,13643.0,38605.0,36415.0
2008,Cuddalore,11268.0,17056.0,3707.0,5620.0,5743.0,8760.0,20718.0,31436.0
2008,Dharmapuri,3973.0,5089.0,1667.0,2883.0,2984.0,2404.0,8624.0,10376.0
2008,Dindigul,6663.0,12433.0,3464.0,3782.0,5834.0,8237.0,15961.0,24452.0
2008,Erode,22444.0,23028.0,9523.0,7095.0,13944.0,11542.0,45911.0,41665.0
2008,Kancheepuram,6297.0,11239.0,4482.0,2475.0,11940.0,3965.0,22719.0,17679.0
2008,Kanyakumari,1910.0,3154.0,1581.0,1725.0,2144.0,1763.0,5635.0,6642.0
2008,Karur,3357.0,3980.0,1760.0,1406.0,2134.0,3522.0,7251.0,8908.0
2008,Krishnagiri,1944.0,2537.0,1131.0,789.0,1107.0,1011.0,4182.0,4337.0
2008,Madurai,11979.0,24839.0,4717.0,5816.0,6056.0,11446.0,22752.0,42101.0
2008,Nagapattinam,9220.0,11032.0,3754.0,3920.0,3329.0,4041.0,16303.0,18993.0
2008,Namakkal,3423.0,5277.0,2649.0,3272.0,2238.0,1896.0,8310.0,10445.0
2008,Perambular,4264.0,4548.0,3533.0,1607.0,1771.0,2821.0,9568.0,8976.0
2008,Pudukkottai,8568.0,13868.0,4239.0,4782.0,5053.0,6187.0,17860.0,24837.0
2008,Ramananthapuram,2804.0,6834.0,1197.0,2325.0,388.0,1509.0,4389.0,10668.0
2008,Salem,15626.0,24265.0,6636.0,10148.0,14474.0,14899.0,36736.0,49312.0
2008,Sivagangai,3399.0,8003.0,1212.0,2462.0,958.0,2485.0,5569.0,12950.0
2008,Thanjavur,17706.0,19650.0,6376.0,5954.0,8397.0,9531.0,32479.0,35135.0
2008,The Nilgiris,2228.0,1469.0,1097.0,730.0,3163.0,1376.0,6488.0,3575.0
2008,Theni,4823.0,6406.0,3032.0,3123.0,2458.0,3965.0,10313.0,13494.0
2008,Thirunelveli,13393.0,22085.0,4749.0,8201.0,6666.0,10598.0,24808.0,40884.0
2008,Thiruvallur,6267.0,13648.0,2141.0,10162.0,2088.0,5353.0,10496.0,29163.0
2008,Thiruvarur,11752.0,10785.0,5759.0,4542.0,5594.0,4051.0,23105.0,19378.0
2008,Thoothukudi,4480.0,5274.0,2920.0,2586.0,1847.0,2383.0,9247.0,10243.0
2008,Tiruchirappalli,23053.0,29802.0,12746.0,10706.0,16691.0,20268.0,52490.0,60776.0
2008,Tiruppur,-1.0,-1.0,-1.0,-1.0,-1.0,-1.0,-1.0,-1.0
2008,Tiruvannamalai,12540.0,22826.0,4281.0,5798.0,7909.0,9963.0,24730.0,38587.0
2008,Vellore,13465.0,22208.0,5019.0,6706.0,6385.0,7916.0,24869.0,36830.0
2008,Villupuram,15099.0,24297.0,5644.0,5736.0,7689.0,15357.0,28432.0,45390.0
2008,Virudhunagar,4079.0,7489.0,2748.0,3511.0,1353.0,3271.0,8180.0,14271.0
2009,Ariyalur,2202.0,3961.0,981.0,1231.0,1106.0,2180.0,4289.0,7372.0
2009,Coimbatore,17552.0,15864.0,9247.0,7262.0,13395.0,14878.0,40194.0,38004.0
2009,Cuddalore,12204.0,18087.0,5076.0,5517.0,5849.0,10337.0,23129.0,33941.0
2009,Dharmapuri,4532.0,4346.0,2888.0,2580.0,3603.0,3576.0,11023.0,10502.0
2009,Dindigul,6227.0,9723.0,4177.0,2923.0,3794.0,6639.0,14198.0,19285.0
2009,Erode,24187.0,24776.0,12198.0,8464.0,9868.0,13081.0,46253.0,46321.0
2009,Kancheepuram,6081.0,15247.0,2460.0,4351.0,2006.0,6001.0,10547.0,25599.0
2009,Kanyakumari,2601.0,3427.0,1417.0,1881.0,2587.0,2485.0,6605.0,7793.0
2009,Karur,2150.0,3484.0,1092.0,1033.0,1241.0,2921.0,4483.0,7438.0
2009,Krishnagiri,3272.0,3920.0,1667.0,1586.0,1046.0,1389.0,5985.0,6895.0
2009,Madurai,11531.0,20865.0,5468.0,6833.0,5123.0,9835.0,22122.0,37533.0
2009,Nagapattinam,8420.0,12387.0,3678.0,4320.0,2369.0,4978.0,14467.0,21685.0
2009,Namakkal,3926.0,3234.0,3001.0,2090.0,2733.0,1553.0,9660.0,6877.0
2009,Perambular,2659.0,4539.0,1724.0,1324.0,1458.0,2890.0,5841.0,8753.0
2009,Pudukkottai,6211.0,12592.0,3067.0,3688.0,3236.0,5905.0,12514.0,22185.0
2009,Ramananthapuram,1327.0,6360.0,826.0,1290.0,220.0,1373.0,2373.0,9023.0
2009,Salem,15779.0,21398.0,9791.0,9399.0,10321.0,11805.0,35891.0,42602.0
2009,Sivagangai,3004.0,7905.0,1987.0,2801.0,1077.0,2550.0,6068.0,13256.0
2009,Thanjavur,15301.0,20220.0,6665.0,5817.0,6571.0,10271.0,28537.0,36308.0
2009,The Nilgiris,3326.0,1480.0,811.0,383.0,2500.0,1793.0,6637.0,3656.0
2009,Theni,5182.0,6006.0,3435.0,2671.0,3536.0,4471.0,12153.0,13148.0
2009,Thirunelveli,12750.0,21424.0,5872.0,6699.0,5891.0,9923.0,24513.0,38046.0
2009,Thiruvallur,9539.0,12343.0,5537.0,5469.0,1876.0,3362.0,16952.0,21174.0
2009,Thiruvarur,10109.0,13390.0,6068.0,5137.0,2847.0,7477.0,19024.0,26004.0
2009,Thoothukudi,2955.0,5069.0,1889.0,1494.0,1250.0,2590.0,6094.0,9153.0
2009,Tiruchirappalli,17747.0,25955.0,12052.0,9276.0,9673.0,19923.0,39472.0,55154.0
2009,Tiruvannamalai,11155.0,21732.0,6358.0,7142.0,3925.0,12356.0,21438.0,41230.0
2009,Vellore,11200.0,20138.0,5477.0,6582.0,4540.0,8478.0,21217.0,35198.0
2009,Villupuram,14596.0,28040.0,6204.0,8688.0,7199.0,14736.0,27999.0,51464.0
2009,Virudhunagar,3324.0,5996.0,2805.0,1856.0,1029.0,2985.0,7158.0,10837.0
2010,Ariyalur,2101.0,4918.0,1063.0,1400.0,994.0,1579.0,4158.0,7897.0
2010,Coimbatore,15216.0,19292.0,8993.0,7665.0,14041.0,13429.0,38250.0,40386.0
2010,Cuddalore,12999.0,19012.0,6727.0,6974.0,6631.0,6970.0,26357.0,32956.0
2010,Dharmapuri,3694.0,5953.0,2819.0,3475.0,6176.0,4097.0,12689.0,13525.0
2010,Dindigul,6129.0,11943.0,2936.0,4764.0,4250.0,7270.0,13315.0,23977.0
2010,Erode,18867.0,23829.0,12099.0,7700.0,10330.0,10104.0,41296.0,41633.0
2010,Kancheepuram,5709.0,15952.0,2554.0,5156.0,1964.0,5117.0,10227.0,26225.0
2010,Kanyakumari,3962.0,3195.0,1598.0,1875.0,2414.0,1817.0,7974.0,6887.0
2010,Karur,2053.0,3999.0,1109.0,1272.0,1784.0,2166.0,4946.0,7437.0
2010,Krishnagiri,4410.0,4843.0,2895.0,2176.0,1471.0,1112.0,8776.0,8131.0
2010,Madurai,10639.0,23260.0,4661.0,8356.0,3225.0,9486.0,18525.0,41102.0
2010,Nagapattinam,8460.0,9287.0,3636.0,2710.0,3049.0,3731.0,15145.0,15728.0
2010,Namakkal,2547.0,3968.0,2210.0,2906.0,2667.0,1053.0,7424.0,7927.0
2010,Perambular,3646.0,4603.0,2041.0,1807.0,2044.0,1536.0,7731.0,7946.0
2010,Pudukkottai,7108.0,15630.0,3551.0,4081.0,3542.0,5326.0,14201.0,25037.0
2010,Ramananthapuram,1311.0,6387.0,1088.0,1964.0,313.0,1114.0,2712.0,9465.0
2010,Salem,15362.0,23269.0,9506.0,12058.0,13865.0,13134.0,38733.0,48461.0
2010,Sivagangai,2514.0,8119.0,1548.0,3120.0,794.0,2555.0,4856.0,13794.0
2010,Thanjavur,16585.0,19020.0,6474.0,5294.0,7750.0,9415.0,30809.0,33729.0
2010,The Nilgiris,2018.0,2375.0,398.0,419.0,1510.0,1601.0,3926.0,4395.0
2010,Theni,4759.0,6664.0,2436.0,3015.0,3243.0,3554.0,10438.0,13233.0
2010,Thirunelveli,13664.0,17916.0,5486.0,4110.0,4780.0,6698.0,23930.0,28724.0
2010,Thiruvallur,10564.0,12463.0,11184.0,7281.0,2201.0,3340.0,23949.0,23084.0
2010,Thiruvarur,8071.0,11232.0,5081.0,4181.0,2041.0,4315.0,15193.0,19728.0
2010,Thoothukudi,3393.0,5136.0,2524.0,1518.0,1475.0,1912.0,7392.0,8566.0
2010,Tiruchirappalli,16815.0,28742.0,9346.0,11587.0,11279.0,16014.0,37440.0,56343.0
2010,Tiruvannamalai,11518.0,25722.0,5862.0,10561.0,4731.0,10805.0,22111.0,47088.0
2010,Vellore,11685.0,22737.0,5139.0,6709.0,3853.0,7143.0,20677.0,36589.0
2010,Villupuram,16199.0,32400.0,7426.0,10145.0,9444.0,14158.0,33069.0,56703.0
2010,Virudhunagar,1750.0,7568.0,957.0,2287.0,634.0,3058.0,3341.0,12913.0
2011,Ariyalur,3563.0,6171.0,1756.0,2245.0,433.0,1870.0,5752.0,10286.0
2011,Coimbatore,15893.0,17995.0,9932.0,9650.0,7356.0,18116.0,33181.0,45761.0
2011,Cuddalore,16684.0,18488.0,7183.0,8542.0,2442.0,8068.0,26309.0,35098.0
2011,Dharmapuri,4944.0,6302.0,3945.0,3597.0,1475.0,3749.0,10364.0,13648.0
2011,Dindigul,8397.0,14643.0,4332.0,5796.0,2578.0,6858.0,15307.0,27297.0
2011,Erode,25326.0,24979.0,13013.0,11364.0,4707.0,12540.0,43046.0,48883.0
2011,Kancheepuram,6161.0,13985.0,2858.0,5532.0,1172.0,4489.0,10191.0,24006.0
2011,Kanyakumari,3960.0,4341.0,2361.0,2405.0,1233.0,2887.0,7554.0,9633.0
2011,Karur,3062.0,4265.0,1252.0,1660.0,713.0,2457.0,5027.0,8382.0
2011,Krishnagiri,4720.0,5354.0,3337.0,2586.0,617.0,1809.0,8674.0,9749.0
2011,Madurai,9863.0,21727.0,6195.0,9649.0,3614.0,10627.0,19672.0,42003.0
2011,Nagapattinam,10598.0,11677.0,4799.0,3611.0,1804.0,3547.0,17201.0,18835.0
2011,Namakkal,3305.0,3912.0,2319.0,1615.0,1086.0,1000.0,6710.0,6527.0
2011,Perambular,4088.0,5157.0,2833.0,1963.0,824.0,2190.0,7745.0,9310.0
2011,Pudukkottai,8028.0,13638.0,3740.0,4763.0,1646.0,5445.0,13414.0,23846.0
2011,Ramananthapuram,1342.0,7755.0,745.0,2306.0,119.0,1273.0,2206.0,11334.0
2011,Salem,19257.0,25525.0,12565.0,16181.0,4846.0,16308.0,36668.0,58014.0
2011,Sivagangai,2682.0,7760.0,1070.0,2122.0,352.0,1937.0,4104.0,11819.0
2011,Thanjavur,19417.0,19935.0,8845.0,6594.0,3817.0,10556.0,32079.0,37085.0
2011,The Nilgiris,2354.0,1487.0,1104.0,464.0,1294.0,1388.0,4752.0,3339.0
2011,Theni,4982.0,6310.0,2427.0,2541.0,1498.0,3930.0,8907.0,12781.0
2011,Thirunelveli,9041.0,19068.0,3590.0,7571.0,1400.0,6715.0,14031.0,33354.0
2011,Thiruvallur,9337.0,10808.0,5928.0,5047.0,917.0,2879.0,16182.0,18734.0
2011,Thiruvarur,10952.0,11346.0,4731.0,7815.0,1157.0,7038.0,16840.0,26199.0
2011,Thoothukudi,3177.0,7097.0,2357.0,2700.0,476.0,6854.0,6010.0,16651.0
2011,Tiruchirappalli,18952.0,28322.0,11273.0,14777.0,6170.0,21289.0,36395.0,64388.0
2011,Tiruvannamalai,17088.0,23579.0,7833.0,11017.0,3602.0,8908.0,28523.0,43504.0
2011,Vellore,15374.0,22127.0,6810.0,8231.0,2707.0,6756.0,24891.0,37114.0
2011,Villupuram,26772.0,32648.0,10196.0,13911.0,4431.0,14911.0,41399.0,61470.0
2011,Virudhunagar,2331.0,7236.0,1792.0,2252.0,602.0,3125.0,4725.0,12613.0
2012,Ariyalur,3717.0,5125.0,1661.0,1117.0,258.0,961.0,5636.0,7203.0
2012,Coimbatore,12480.0,11539.0,5836.0,3936.0,8332.0,6442.0,26648.0,21917.0
2012,Cuddalore,13666.0,19218.0,5663.0,6977.0,2299.0,5183.0,21628.0,31378.0
2012,Dharmapuri,4236.0,5266.0,2337.0,2227.0,2078.0,1776.0,8651.0,9269.0
2012,Dindigul,7328.0,8299.0,3593.0,2970.0,1742.0,2822.0,12663.0,14091.0
2012,Erode,17718.0,15210.0,7678.0,3569.0,5000.0,2956.0,30396.0,21735.0
2012,Kancheepuram,6305.0,13636.0,2598.0,3653.0,1000.0,2629.0,9903.0,19918.0
2012,Kanyakumari,2450.0,2587.0,997.0,1137.0,673.0,913.0,4120.0,4637.0
2012,Karur,2789.0,3038.0,1173.0,999.0,442.0,1022.0,4404.0,5059.0
2012,Krishnagiri,5096.0,5426.0,3429.0,2500.0,815.0,1666.0,9340.0,9592.0
2012,Madurai,10304.0,9879.0,5123.0,4067.0,2033.0,3162.0,17460.0,17108.0
2012,Nagapattinam,6402.0,10930.0,3630.0,1902.0,1370.0,2314.0,11402.0,15146.0
2012,Namakkal,2211.0,3349.0,744.0,1522.0,429.0,682.0,3384.0,5553.0
2012,Perambular,4141.0,4036.0,2393.0,962.0,905.0,949.0,7439.0,5947.0
2012,Pudukkottai,7761.0,13888.0,2887.0,4446.0,546.0,2730.0,11194.0,21064.0
2012,Ramananthapuram,1889.0,5230.0,1223.0,1207.0,169.0,611.0,3281.0,7048.0
2012,Salem,14261.0,17851.0,7760.0,9494.0,7091.0,6252.0,29112.0,33597.0
2012,Sivagangai,3611.0,4270.0,1523.0,1430.0,654.0,796.0,5788.0,6496.0
2012,Thanjavur,12212.0,17470.0,5574.0,4512.0,2347.0,4605.0,20133.0,26587.0
2012,The Nilgiris,1836.0,1242.0,328.0,219.0,827.0,1404.0,2991.0,2865.0
2012,Theni,4470.0,4879.0,1676.0,2113.0,1083.0,2116.0,7229.0,9108.0
2012,Thirunelveli,9299.0,12025.0,3964.0,4053.0,1374.0,3194.0,14637.0,19272.0
2012,Thiruvallur,8907.0,13341.0,4196.0,4240.0,858.0,2386.0,13961.0,19967.0
2012,Thiruvarur,4830.0,11345.0,1376.0,2965.0,442.0,2712.0,6648.0,17022.0
2012,Thoothukudi,3762.0,5002.0,3410.0,1509.0,289.0,1070.0,7461.0,7581.0
2012,Tiruchirappalli,16386.0,21633.0,8176.0,9329.0,5674.0,8995.0,30236.0,39957.0
2012,Tiruppur,49.0,406.0,51.0,58.0,0.0,44.0,100.0,508.0
2012,Tiruvannamalai,13817.0,24065.0,6006.0,8058.0,3542.0,4198.0,23365.0,36321.0
2012,Vellore,14257.0,23408.0,5564.0,6488.0,3752.0,4426.0,23573.0,34322.0
2012,Villupuram,21426.0,35798.0,9752.0,11736.0,3211.0,8806.0,34389.0,56340.0
2012,Virudhunagar,3147.0,4470.0,2447.0,860.0,497.0,1626.0,6091.0,6956.0
2013,Ariyalur,5128.0,4633.0,1743.0,1569.0,756.0,1465.0,7627.0,7667.0
2013,Coimbatore,12974.0,9125.0,5311.0,3855.0,8550.0,5229.0,26835.0,18209.0
2013,Cuddalore,16521.0,18857.0,5731.0,6780.0,4429.0,5062.0,26681.0,30699.0
2013,Dharmapuri,4083.0,4664.0,1990.0,2083.0,1939.0,1794.0,8012.0,8541.0
2013,Dindigul,5814.0,4852.0,3155.0,2219.0,1782.0,2347.0,10751.0,9418.0
2013,Erode,14051.0,17891.0,6963.0,4505.0,4513.0,3740.0,25527.0,26136.0
2013,Kancheepuram,7338.0,13077.0,2502.0,3860.0,1506.0,2494.0,11346.0,19431.0
2013,Kanyakumari,3656.0,3037.0,1595.0,1278.0,1148.0,1258.0,6399.0,5573.0
2013,Karur,2009.0,2285.0,622.0,670.0,422.0,1157.0,3053.0,4112.0
2013,Krishnagiri,5728.0,4322.0,2995.0,1745.0,1034.0,854.0,9757.0,6921.0
2013,Madurai,8998.0,10321.0,4310.0,3728.0,2240.0,3256.0,15548.0,17305.0
2013,Nagapattinam,11797.0,10016.0,3774.0,2509.0,1708.0,2683.0,17279.0,15208.0
2013,Namakkal,3024.0,2970.0,1062.0,1923.0,1157.0,1222.0,5243.0,6115.0
2013,Perambular,4365.0,3308.0,2211.0,1226.0,1026.0,1195.0,7602.0,5729.0
2013,Pudukkottai,6510.0,7880.0,1848.0,2208.0,1917.0,2313.0,10275.0,12401.0
2013,Ramananthapuram,1808.0,2157.0,789.0,880.0,108.0,311.0,2705.0,3348.0
2013,Salem,11949.0,13469.0,4511.0,8100.0,4711.0,6192.0,21171.0,27761.0
2013,Sivagangai,2561.0,2082.0,1171.0,953.0,387.0,401.0,4119.0,3436.0
2013,Thanjavur,16496.0,14963.0,5870.0,4024.0,3775.0,5744.0,26141.0,24731.0
2013,The Nilgiris,2395.0,1294.0,452.0,194.0,1445.0,892.0,4292.0,2380.0
2013,Theni,4607.0,4572.0,1794.0,2149.0,1684.0,1920.0,8085.0,8641.0
2013,Thirunelveli,8358.0,9168.0,2626.0,2844.0,2212.0,3152.0,13196.0,15164.0
2013,Thiruvallur,10475.0,13066.0,3505.0,4258.0,1441.0,2189.0,15421.0,19513.0
2013,Thiruvarur,12390.0,15662.0,5595.0,3999.0,3071.0,3549.0,21056.0,23210.0
2013,Thoothukudi,3418.0,4600.0,2018.0,2157.0,434.0,948.0,5870.0,7705.0
2013,Tiruchirappalli,14203.0,18123.0,6096.0,6265.0,4760.0,7707.0,25059.0,32095.0
2013,Tiruppur,2749.0,4337.0,1093.0,1521.0,1311.0,2002.0,5153.0,7860.0
2013,Tiruvannamalai,13967.0,18702.0,4732.0,5872.0,4934.0,3814.0,23633.0,28388.0
2013,Vellore,14949.0,20559.0,4369.0,5833.0,3202.0,3126.0,22520.0,29518.0
2013,Villupuram,20468.0,31744.0,5779.0,10069.0,4560.0,7798.0,30807.0,49611.0
2013,Virudhunagar,1938.0,2888.0,1138.0,485.0,254.0,965.0,3330.0,4338.0
2014,Ariyalur,4725.0,5349.0,2125.0,1499.0,1474.0,1368.0,8324.0,8216.0
2014,Coimbatore,9691.0,14146.0,5892.0,5302.0,10058.0,7611.0,25641.0,27059.0
2014,Cuddalore,16844.0,23046.0,5911.0,8012.0,5335.0,5498.0,28090.0,36556.0
2014,Dharmapuri,3689.0,6099.0,2004.0,2476.0,2733.0,1622.0,8426.0,10197.0
2014,Dindigul,4184.0,10573.0,2168.0,4943.0,1434.0,3533.0,7786.0,19049.0
2014,Erode,13062.0,20609.0,5642.0,7880.0,6432.0,5762.0,25136.0,34251.0
2014,Kancheepuram,6913.0,12220.0,2130.0,4505.0,921.0,2370.0,9964.0,19095.0
2014,Kanyakumari,3349.0,3857.0,1795.0,1620.0,1699.0,1567.0,6843.0,7044.0
2014,Karur,2028.0,3808.0,669.0,914.0,889.0,1599.0,3586.0,6321.0
2014,Krishnagiri,4408.0,6855.0,2689.0,3079.0,831.0,980.0,7928.0,10914.0
2014,Madurai,6028.0,15527.0,3189.0,5487.0,1523.0,4316.0,10740.0,25330.0
2014,Nagapattinam,9594.0,11575.0,3914.0,2087.0,1753.0,2687.0,15261.0,16349.0
2014,Namakkal,2530.0,4843.0,1079.0,2018.0,2175.0,1053.0,5784.0,7914.0
2014,Perambular,3468.0,5306.0,2172.0,1431.0,1350.0,1412.0,6990.0,8149.0
2014,Pudukkottai,6091.0,11955.0,1743.0,3973.0,2076.0,3681.0,9910.0,19609.0
2014,Ramananthapuram,1437.0,6651.0,370.0,2102.0,96.0,1263.0,1903.0,10016.0
2014,Salem,12477.0,20396.0,6045.0,7890.0,6997.0,6835.0,25519.0,35121.0
2014,Sivagangai,1599.0,5844.0,394.0,1894.0,329.0,1778.0,2322.0,9516.0
2014,Thanjavur,15986.0,22584.0,5166.0,8367.0,4741.0,5719.0,25893.0,36670.0
2014,The Nilgiris,1321.0,1538.0,209.0,226.0,1493.0,699.0,3023.0,2463.0
2014,Theni,4453.0,5878.0,2022.0,2516.0,1725.0,2178.0,8200.0,10572.0
2014,Thirunelveli,7397.0,16759.0,2347.0,5817.0,1783.0,3804.0,11527.0,26380.0
2014,Thiruvallur,9768.0,13229.0,2975.0,5145.0,1415.0,2163.0,14158.0,20537.0
2014,Thiruvarur,9307.0,15545.0,4686.0,2140.0,2155.0,4885.0,16148.0,22570.0
2014,Thoothukudi,2878.0,8110.0,1752.0,2711.0,311.0,1334.0,4941.0,12155.0
2014,Tiruchirappalli,11002.0,22676.0,4852.0,8672.0,5160.0,8631.0,21014.0,39979.0
2014,Tiruppur,2953.0,5872.0,1466.0,3474.0,2125.0,3542.0,6544.0,12888.0
2014,Tiruvannamalai,10082.0,20893.0,2892.0,7939.0,2507.0,5113.0,15481.0,33945.0
2014,Vellore,12719.0,17958.0,4011.0,5947.0,2533.0,4356.0,19263.0,28261.0
2014,Villupuram,21410.0,33308.0,6871.0,12002.0,6453.0,10229.0,34734.0,55539.0
2014,Virudhunagar,1656.0,5259.0,721.0,1312.0,271.0,1831.0,2648.0,8402.0
2015,Ariyalur,3932.0,4927.0,1652.0,1537.0,893.0,997.0,6477.0,7461.0
2015,Coimbatore,10366.0,11879.0,5305.0,6313.0,9339.0,5909.0,25010.0,24101.0
2015,Cuddalore,16518.0,22469.0,6233.0,7478.0,5504.0,5467.0,28255.0,35414.0
2015,Dharmapuri,4527.0,8605.0,2185.0,3569.0,2241.0,1748.0,8953.0,13922.0
2015,Dindigul,6707.0,11673.0,3535.0,5411.0,2574.0,3600.0,12816.0,20684.0
2015,Erode,16968.0,20521.0,7983.0,7903.0,7782.0,4798.0,32733.0,33222.0
2015,Kancheepuram,4941.0,16357.0,1967.0,5516.0,840.0,3191.0,7748.0,25064.0
2015,Kanyakumari,3700.0,4389.0,1421.0,2160.0,1739.0,1054.0,6860.0,7603.0
2015,Karur,2435.0,3334.0,1059.0,1033.0,840.0,1373.0,4334.0,5740.0
2015,Krishnagiri,6014.0,6565.0,3433.0,3953.0,1380.0,1488.0,10827.0,12006.0
2015,Madurai,7793.0,14322.0,3341.0,4798.0,3571.0,3615.0,14705.0,22735.0
2015,Nagapattinam,9217.0,11491.0,3701.0,3743.0,2152.0,2088.0,15070.0,17322.0
2015,Namakkal,2913.0,4896.0,1113.0,2733.0,1499.0,1201.0,5525.0,8830.0
2015,Perambular,4781.0,6045.0,3586.0,2934.0,2341.0,2283.0,10708.0,11262.0
2015,Pudukkottai,7494.0,15432.0,1483.0,4630.0,2344.0,4034.0,11321.0,24096.0
2015,Ramananthapuram,3152.0,7928.0,1435.0,2284.0,180.0,948.0,4767.0,11160.0
2015,Salem,12584.0,21150.0,6562.0,10737.0,6561.0,7549.0,25707.0,39436.0
2015,Sivagangai,3596.0,7071.0,1673.0,2097.0,369.0,1315.0,5638.0,10483.0
2015,Thanjavur,19133.0,20635.0,6451.0,7813.0,3853.0,4096.0,29437.0,32544.0
2015,The Nilgiris,1104.0,1440.0,389.0,259.0,1615.0,1016.0,3108.0,2715.0
2015,Theni,4979.0,6452.0,2246.0,2884.0,2715.0,1680.0,9940.0,11016.0
2015,Thirunelveli,10663.0,18445.0,3189.0,5363.0,2728.0,4245.0,16580.0,28053.0
2015,Thiruvallur,9091.0,14553.0,3648.0,5655.0,1321.0,2445.0,14060.0,22653.0
2015,Thiruvarur,11610.0,14826.0,3789.0,5030.0,4570.0,4997.0,19969.0,24853.0
2015,Thoothukudi,4849.0,8611.0,3015.0,3185.0,553.0,1431.0,8417.0,13227.0
2015,Tiruchirappalli,13221.0,22974.0,5647.0,10250.0,5472.0,8374.0,24340.0,41598.0
2015,Tiruppur,5675.0,8213.0,3101.0,3709.0,3505.0,4275.0,12281.0,16197.0
2015,Tiruvannamalai,9464.0,32138.0,3535.0,11206.0,2745.0,5798.0,15744.0,49142.0
2015,Vellore,11088.0,30383.0,4249.0,8652.0,1956.0,4842.0,17293.0,43877.0
2015,Villupuram,20902.0,45767.0,6484.0,16653.0,4670.0,9316.0,32056.0,71736.0
2015,Virudhunagar,2701.0,7123.0,1378.0,2286.0,539.0,1501.0,4618.0,10910.0
2016,Ariyalur,3209.0,5166.0,1671.0,2769.0,540.0,1355.0,5420.0,9290.0
2016,Coimbatore,7179.0,8037.0,3459.0,2892.0,7443.0,4640.0,18081.0,15569.0
2016,Cuddalore,16182.0,19743.0,6900.0,8287.0,4784.0,6810.0,27866.0,34840.0
2016,Dharmapuri,4299.0,4984.0,2573.0,2454.0,1353.0,1709.0,8225.0,9147.0
2016,Dindigul,5078.0,6417.0,3537.0,3972.0,2313.0,2321.0,10928.0,12710.0
2016,Erode,12103.0,11546.0,5856.0,4772.0,4919.0,4190.0,22878.0,20508.0
2016,Kancheepuram,6416.0,10639.0,2973.0,3594.0,1155.0,2279.0,10544.0,16512.0
2016,Kanyakumari,3316.0,5475.0,1681.0,3559.0,601.0,1429.0,5598.0,10463.0
2016,Karur,1610.0,2439.0,606.0,827.0,416.0,1099.0,2632.0,4365.0
2016,Krishnagiri,5308.0,4973.0,4543.0,3797.0,1224.0,1368.0,11075.0,10138.0
2016,Madurai,5259.0,7921.0,3250.0,2933.0,1573.0,3194.0,10082.0,14048.0
2016,Nagapattinam,6949.0,11058.0,2580.0,2932.0,903.0,2155.0,10432.0,16145.0
2016,Namakkal,2713.0,4021.0,1326.0,2399.0,905.0,910.0,4944.0,7330.0
2016,Perambular,4319.0,3772.0,3222.0,2060.0,741.0,1505.0,8282.0,7337.0
2016,Pudukkottai,5435.0,11961.0,1856.0,6109.0,1656.0,5238.0,8947.0,23308.0
2016,Ramananthapuram,1284.0,4551.0,990.0,2593.0,127.0,283.0,2401.0,7427.0
2016,Salem,9700.0,10156.0,5430.0,5724.0,4450.0,5457.0,19580.0,21337.0
2016,Sivagangai,1986.0,3033.0,856.0,1030.0,344.0,823.0,3186.0,4886.0
2016,Thanjavur,15209.0,24897.0,3927.0,8508.0,2860.0,6229.0,21996.0,39634.0
2016,The Nilgiris,2583.0,1882.0,525.0,226.0,1365.0,1140.0,4473.0,3248.0
2016,Theni,4828.0,6545.0,2415.0,4437.0,1679.0,2484.0,8922.0,13466.0
2016,Thirunelveli,11435.0,12041.0,5151.0,7674.0,2033.0,2744.0,18619.0,22459.0
2016,Thiruvallur,10806.0,13818.0,4936.0,5188.0,1583.0,3180.0,17325.0,22186.0
2016,Thiruvarur,7048.0,16021.0,1115.0,3661.0,1682.0,5107.0,9845.0,24789.0
2016,Thoothukudi,4127.0,4128.0,3797.0,2438.0,372.0,616.0,8296.0,7182.0
2016,Tiruchirappalli,9231.0,15037.0,4907.0,6146.0,3190.0,7397.0,17328.0,28580.0
2016,Tiruppur,4786.0,4089.0,2668.0,2067.0,2608.0,1909.0,10062.0,8065.0
2016,Tiruvannamalai,12009.0,14215.0,4637.0,5424.0,3315.0,4086.0,19961.0,23725.0
2016,Vellore,13923.0,18363.0,5545.0,6792.0,3127.0,4604.0,22595.0,29759.0
2016,Villupuram,21755.0,24943.0,9094.0,7793.0,5149.0,7174.0,35998.0,39910.0
2016,Virudhunagar,2696.0,4239.0,2018.0,1613.0,485.0,1235.0,5199.0,7087.0
2017,Ariyalur,2964.0,5473.0,1224.0,2049.0,786.0,1121.0,4974.0,8643.0
2017,Coimbatore,5194.0,6973.0,3371.0,3764.0,6806.0,5278.0,15371.0,16015.0
2017,Cuddalore,10666.0,22631.0,3847.0,9719.0,5786.0,7192.0,20299.0,39542.0
2017,Dharmapuri,5091.0,8115.0,2699.0,4857.0,1788.0,2516.0,9578.0,15488.0
2017,Dindigul,3219.0,10081.0,2039.0,4700.0,1906.0,3186.0,7164.0,17967.0
2017,Erode,7549.0,16179.0,2958.0,5876.0,4895.0,4894.0,15402.0,26949.0
2017,Kancheepuram,4490.0,15679.0,1823.0,5773.0,861.0,3886.0,7174.0,25338.0
2017,Kanyakumari,3587.0,6182.0,702.0,2965.0,708.0,1735.0,4997.0,10882.0
2017,Karur,915.0,3263.0,304.0,1021.0,477.0,1222.0,1696.0,5506.0
2017,Krishnagiri,5197.0,7070.0,2626.0,3912.0,1385.0,1391.0,9208.0,12373.0
2017,Madurai,4642.0,7811.0,1627.0,3080.0,1529.0,2547.0,7798.0,13438.0
2017,Nagapattinam,6326.0,11347.0,1278.0,3816.0,1452.0,2821.0,9056.0,17984.0
2017,Namakkal,1760.0,5137.0,1041.0,3074.0,1295.0,2443.0,4096.0,10654.0
2017,Perambular,4164.0,11111.0,1742.0,2147.0,982.0,1245.0,6888.0,14503.0
2017,Pudukkottai,4434.0,4179.0,1199.0,3186.0,1870.0,4351.0,7503.0,11716.0
2017,Ramananthapuram,1361.0,9932.0,883.0,1281.0,64.0,286.0,2308.0,11499.0
2017,Salem,7022.0,7316.0,2833.0,9688.0,4053.0,8235.0,13908.0,25239.0
2017,Sivagangai,1684.0,20874.0,751.0,1072.0,271.0,722.0,2706.0,22668.0
2017,Thanjavur,13407.0,4428.0,2392.0,6790.0,4372.0,8926.0,20171.0,20144.0
2017,The Nilgiris,3010.0,1838.0,499.0,900.0,1068.0,832.0,4577.0,3570.0
2017,Theni,2797.0,5842.0,1271.0,3185.0,1610.0,2404.0,5678.0,11431.0
2017,Thirunelveli,3531.0,15658.0,1251.0,4820.0,1161.0,3755.0,5943.0,24233.0
2017,Thiruvallur,7678.0,17511.0,2945.0,7042.0,1716.0,3172.0,12339.0,27725.0
2017,Thiruvarur,8078.0,17965.0,2956.0,6854.0,2279.0,4021.0,13313.0,28840.0
2017,Thoothukudi,2106.0,6583.0,2190.0,2504.0,325.0,1813.0,4621.0,10900.0
2017,Tiruchirappalli,5848.0,14988.0,2538.0,6347.0,4638.0,6970.0,13024.0,28305.0
2017,Tiruppur,2109.0,8565.0,1219.0,4241.0,1935.0,3884.0,5263.0,16690.0
2017,Tiruvannamalai,5085.0,28100.0,2289.0,9000.0,2919.0,7291.0,10293.0,44391.0
2017,Vellore,10140.0,25105.0,3362.0,8449.0,3356.0,4758.0,16858.0,38312.0
2017,Villupuram,11676.0,40164.0,4285.0,14052.0,4503.0,10880.0,20464.0,65096.0
2017,Virudhunagar,2219.0,4603.0,1415.0,1257.0,546.0,1197.0,4180.0,7057.0
