year,dist_name,rice_area_1000_ha,rice_production_1000_tons,rice_yield_kg_per_ha
1990,Coimbatore,18.16,62.75,3455.0
1990,Cuddalore,179.94,611.61,3399.0
1990,Dharmapuri,29.93,96.18,3213.0
1990,Dindigul,21.95,80.56,3670.0
1990,Erode,64.26,277.26,4315.0
1990,Kancheepuram,231.96,743.65,3206.0
1990,Kanyakumari,41.23,127.82,3100.0
1990,Madurai,119.15,409.55,3437.0
1990,Pudukkottai,68.44,172.55,2521.0
1990,Ramananthapuram,151.27,263.44,1742.0
1990,Salem,30.38,101.04,3326.0
1990,Sivagangai,89.34,203.12,2274.0
1990,Thanjavur,459.42,1403.46,3055.0
1990,The Nilgiris,2.78,6.89,2478.0
1990,Thirunelveli,101.4,398.26,3928.0
1990,Thoothukudi,28.79,136.0,4724.0
1990,Tiruchirappalli,92.68,299.42,3231.0
1990,Tiruvannamalai,53.32,164.54,3086.0
1990,Vellore,34.57,100.85,2917.0
1990,Virudhunagar,36.78,123.49,3358.0
1991,Coimbatore,21.29,73.83,3468.0
1991,Cuddalore,233.31,827.59,3547.0
1991,Dharmapuri,76.6,244.43,3191.0
1991,Dindigul,19.72,72.3,3666.0
1991,Erode,75.56,285.82,3783.0
1991,Kancheepuram,264.41,894.59,3383.0
1991,Kanyakumari,40.57,143.22,3530.0
1991,Madurai,102.54,363.75,3547.0
1991,Pudukkottai,76.11,215.02,2825.0
1991,Ramananthapuram,137.38,69.47,506.0
1991,Salem,67.82,229.93,3390.0
1991,Sivagangai,85.6,153.64,1795.0
1991,Thanjavur,471.62,1575.31,3340.0
1991,The Nilgiris,1.56,4.87,3122.0
1991,Thirunelveli,98.98,319.12,3224.0
1991,Thoothukudi,31.95,109.12,3415.0
1991,Tiruchirappalli,113.85,416.96,3662.0
1991,Tiruvannamalai,106.9,326.99,3059.0
1991,Vellore,70.44,223.1,3167.0
1991,Virudhunagar,21.68,47.2,2177.0
1992,Coimbatore,27.03,86.26,3191.0
1992,Cuddalore,241.88,780.58,3227.0
1992,Dharmapuri,47.35,119.2,2517.0
1992,Dindigul,23.48,89.38,3807.0
1992,Erode,75.76,279.08,3684.0
1992,Kancheepuram,237.07,729.92,3079.0
1992,Kanyakumari,38.79,118.92,3066.0
1992,Madurai,116.33,443.03,3808.0
1992,Nagapattinam,306.09,1028.22,3359.0
1992,Pudukkottai,98.25,299.33,3047.0
1992,Ramananthapuram,146.34,224.91,1537.0
1992,Salem,56.81,191.75,3375.0
1992,Sivagangai,97.06,257.35,2651.0
1992,Thanjavur,222.22,727.98,3276.0
1992,The Nilgiris,1.87,3.84,2053.0
1992,Thirunelveli,103.61,420.35,4057.0
1992,Thoothukudi,27.03,102.12,3778.0
1992,Tiruchirappalli,142.7,475.39,3331.0
1992,Tiruvannamalai,91.93,211.47,2300.0
1992,Vellore,48.5,107.95,2226.0
1992,Virudhunagar,34.27,108.69,3172.0
1993,Coimbatore,25.0,83.0,3320.0
1993,Cuddalore,252.0,625.0,2480.0
1993,Dharmapuri,56.0,174.0,3107.0
1993,Dindigul,32.0,110.0,3438.0
1993,Erode,71.0,287.0,4042.0
1993,Kancheepuram,290.0,883.0,3045.0
1993,Kanyakumari,42.0,142.0,3381.0
1993,Madurai,118.0,433.0,3669.0
1993,Nagapattinam,318.0,627.0,1972.0
1993,Pudukkottai,96.0,307.0,3198.0
1993,Ramananthapuram,144.0,319.0,2215.0
1993,Salem,75.0,242.0,3227.0
1993,Sivagangai,96.0,261.0,2719.0
1993,Thanjavur,222.0,562.0,2532.0
1993,The Nilgiris,2.0,3.0,1500.0
1993,Thirunelveli,103.0,390.0,3786.0
1993,Thoothukudi,28.0,106.0,3786.0
1993,Tiruchirappalli,136.0,432.0,3176.0
1993,Tiruvannamalai,98.0,257.0,2622.0
1993,Vellore,70.0,185.0,2643.0
1993,Virudhunagar,39.0,164.0,4205.0
1994,Coimbatore,19.34,71.48,3696.0
1994,Cuddalore,108.94,410.99,3773.0
1994,Dharmapuri,50.99,187.55,3678.0
1994,Dindigul,31.53,160.81,5100.0
1994,Erode,64.78,278.52,4299.0
1994,Kancheepuram,260.71,850.76,3263.0
1994,Kanyakumari,37.57,151.65,4036.0
1994,Madurai,114.96,472.7,4112.0
1994,Nagapattinam,321.13,1175.29,3660.0
1994,Pudukkottai,91.99,290.01,3153.0
1994,Ramananthapuram,144.74,213.84,1477.0
1994,Salem,67.99,236.29,3475.0
1994,Sivagangai,99.82,261.46,2619.0
1994,Thanjavur,210.36,669.31,3182.0
1994,The Nilgiris,1.59,3.16,1987.0
1994,Thirunelveli,102.36,488.42,4772.0
1994,Thoothukudi,30.12,122.85,4079.0
1994,Tiruchirappalli,139.72,480.72,3441.0
1994,Tiruvannamalai,108.12,344.43,3186.0
1994,Vellore,52.68,146.06,2773.0
1994,Villupuram,132.36,455.33,3440.0
1994,Virudhunagar,36.74,87.08,2370.0
1995,Coimbatore,13.85,46.86,3383.0
1995,Cuddalore,106.43,325.44,3058.0
1995,Dharmapuri,47.7,177.87,3729.0
1995,Dindigul,18.73,76.69,4095.0
1995,Erode,61.67,265.43,4304.0
1995,Kancheepuram,252.33,765.19,3032.0
1995,Kanyakumari,36.02,148.73,4129.0
1995,Madurai,88.92,266.06,2992.0
1995,Nagapattinam,288.84,676.61,2343.0
1995,Pudukkottai,55.54,75.66,1362.0
1995,Ramananthapuram,128.38,13.03,101.0
1995,Salem,66.01,227.53,3447.0
1995,Sivagangai,72.06,57.95,804.0
1995,Thanjavur,188.8,528.5,2799.0
1995,The Nilgiris,1.68,2.25,1339.0
1995,Thirunelveli,79.5,330.8,4161.0
1995,Thoothukudi,22.64,93.97,4151.0
1995,Tiruchirappalli,119.89,341.38,2847.0
1995,Tiruvannamalai,101.45,262.68,2589.0
1995,Vellore,60.52,168.73,2788.0
1995,Villupuram,119.21,421.83,3539.0
1995,Virudhunagar,17.42,16.84,967.0
1996,Coimbatore,17.47,65.12,3728.0
1996,Cuddalore,116.4,218.63,1878.0
1996,Dharmapuri,59.81,183.31,3065.0
1996,Dindigul,23.29,95.37,4095.0
1996,Erode,67.58,280.93,4157.0
1996,Kancheepuram,155.37,456.72,2940.0
1996,Kanyakumari,33.66,138.93,4127.0
1996,Karur,15.48,45.96,2969.0
1996,Madurai,84.71,299.27,3533.0
1996,Nagapattinam,145.36,239.56,1648.0
1996,Namakkal,25.37,95.16,3751.0
1996,Perambular,47.58,142.2,2989.0
1996,Pudukkottai,82.1,216.09,2632.0
1996,Ramananthapuram,132.4,148.34,1120.0
1996,Salem,45.15,169.72,3759.0
1996,Sivagangai,81.88,161.17,1968.0
1996,Thanjavur,167.11,427.37,2557.0
1996,The Nilgiris,1.94,3.08,1588.0
1996,Theni,19.03,67.94,3570.0
1996,Thirunelveli,68.04,264.55,3888.0
1996,Thiruvallur,107.08,322.03,3007.0
1996,Thiruvarur,155.37,238.83,1537.0
1996,Thoothukudi,14.41,61.01,4234.0
1996,Tiruchirappalli,58.58,179.68,3067.0
1996,Tiruvannamalai,146.54,384.01,2621.0
1996,Vellore,86.85,260.57,3000.0
1996,Villupuram,186.24,557.86,2995.0
1996,Virudhunagar,28.91,81.89,2833.0
1997,Coimbatore,18.7,57.67,3084.0
1997,Cuddalore,116.63,358.11,3070.0
1997,Dharmapuri,64.39,203.89,3166.0
1997,Dindigul,27.59,136.52,4948.0
1997,Erode,60.89,268.93,4417.0
1997,Kancheepuram,154.69,505.7,3269.0
1997,Kanyakumari,31.24,118.64,3798.0
1997,Karur,16.45,48.59,2954.0
1997,Madurai,83.06,314.38,3785.0
1997,Nagapattinam,156.95,269.63,1718.0
1997,Namakkal,23.98,99.15,4135.0
1997,Perambular,49.85,152.82,3066.0
1997,Pudukkottai,88.3,242.81,2750.0
1997,Ramananthapuram,144.63,480.49,3322.0
1997,Salem,46.48,187.98,4044.0
1997,Sivagangai,90.93,221.56,2437.0
1997,Thanjavur,181.5,489.77,2698.0
1997,The Nilgiris,1.72,5.98,3477.0
1997,Theni,19.83,61.81,3117.0
1997,Thirunelveli,88.78,325.65,3668.0
1997,Thiruvallur,111.9,434.77,3885.0
1997,Thiruvarur,168.21,285.51,1697.0
1997,Thoothukudi,17.91,78.65,4391.0
1997,Tiruchirappalli,67.73,223.53,3300.0
1997,Tiruvannamalai,142.22,405.68,2852.0
1997,Vellore,71.61,236.91,3308.0
1997,Villupuram,178.16,566.36,3179.0
1997,Virudhunagar,36.21,112.24,3100.0
1998,Chennai,0.0,0.0,0.0
1998,Coimbatore,12.26,44.25,3609.0
1998,Cuddalore,110.79,370.94,3348.0
1998,Dharmapuri,62.18,229.33,3688.0
1998,Dindigul,27.12,148.14,5462.0
1998,Erode,57.96,272.6,4703.0
1998,Kancheepuram,149.88,522.55,3486.0
1998,Kanyakumari,32.0,152.8,4775.0
1998,Karur,16.25,67.34,4144.0
1998,Madurai,87.23,409.87,4699.0
1998,Nagapattinam,159.26,454.19,2852.0
1998,Namakkal,24.64,120.43,4888.0
1998,Perambular,51.4,139.1,2706.0
1998,Pudukkottai,99.01,312.65,3158.0
1998,Ramananthapuram,132.34,377.45,2852.0
1998,Salem,48.3,213.84,4427.0
1998,Sivagangai,96.88,298.59,3082.0
1998,Thanjavur,184.49,580.52,3147.0
1998,The Nilgiris,1.74,7.05,4052.0
1998,Theni,18.58,69.67,3750.0
1998,Thirunelveli,91.78,413.41,4504.0
1998,Thiruvallur,120.13,471.02,3921.0
1998,Thiruvarur,159.65,477.07,2988.0
1998,Thoothukudi,21.72,96.92,4462.0
1998,Tiruchirappalli,74.09,316.52,4272.0
1998,Tiruvannamalai,146.25,484.4,3312.0
1998,Vellore,77.13,295.87,3836.0
1998,Villupuram,174.83,639.74,3659.0
1998,Virudhunagar,37.07,155.04,4182.0
1999,Chennai,0.0,0.0,0.0
1999,Coimbatore,17.88,69.35,3879.0
1999,Cuddalore,113.84,439.85,3864.0
1999,Dharmapuri,54.88,200.57,3655.0
1999,Dindigul,28.34,136.86,4829.0
1999,Erode,60.33,278.08,4609.0
1999,Kancheepuram,144.9,482.6,3331.0
1999,Kanyakumari,31.48,149.48,4748.0
1999,Karur,19.48,66.07,3392.0
1999,Madurai,82.33,365.05,4434.0
1999,Nagapattinam,163.62,547.52,3346.0
1999,Namakkal,22.73,109.37,4812.0
1999,Perambular,52.45,181.34,3457.0
1999,Pudukkottai,99.11,355.51,3587.0
1999,Ramananthapuram,129.88,85.2,656.0
1999,Salem,47.05,199.43,4239.0
1999,Sivagangai,88.08,168.86,1917.0
1999,Thanjavur,188.91,654.2,3463.0
1999,The Nilgiris,1.95,7.98,4092.0
1999,Theni,18.48,73.09,3955.0
1999,Thirunelveli,86.32,390.67,4526.0
1999,Thiruvallur,110.97,433.65,3908.0
1999,Thiruvarur,163.6,490.8,3000.0
1999,Thoothukudi,17.6,79.06,4492.0
1999,Tiruchirappalli,80.91,354.67,4384.0
1999,Tiruvannamalai,97.39,303.01,3111.0
1999,Vellore,49.87,217.18,4355.0
1999,Villupuram,158.64,561.58,3540.0
1999,Virudhunagar,32.56,131.07,4025.0
2000,Chennai,0.0,0.0,0.0
2000,Coimbatore,14.11,50.03,3546.0
2000,Cuddalore,114.32,419.74,3672.0
2000,Dharmapuri,55.91,190.83,3413.0
2000,Dindigul,22.94,107.76,4697.0
2000,Erode,58.02,260.66,4493.0
2000,Kancheepuram,132.86,435.5,3278.0
2000,Kanyakumari,28.59,135.0,4722.0
2000,Karur,17.95,81.11,4519.0
2000,Madurai,76.91,325.0,4226.0
2000,Nagapattinam,167.32,547.63,3273.0
2000,Namakkal,21.46,93.6,4362.0
2000,Perambular,54.61,174.82,3201.0
2000,Pudukkottai,94.79,323.09,3408.0
2000,Ramananthapuram,124.28,237.08,1908.0
2000,Salem,45.96,201.22,4378.0
2000,Sivagangai,83.95,218.28,2600.0
2000,Thanjavur,191.8,719.0,3749.0
2000,The Nilgiris,2.03,8.35,4113.0
2000,Theni,18.21,80.82,4438.0
2000,Thirunelveli,76.29,338.96,4443.0
2000,Thiruvallur,93.06,329.3,3539.0
2000,Thiruvarur,174.26,661.46,3796.0
2000,Thoothukudi,15.62,67.97,4351.0
2000,Tiruchirappalli,81.18,316.77,3902.0
2000,Tiruvannamalai,81.75,247.22,3024.0
2000,Vellore,52.33,211.44,4041.0
2000,Villupuram,153.51,510.62,3326.0
2000,Virudhunagar,26.01,73.06,2809.0
2001,Chennai,0.0,0.0,0.0
2001,Coimbatore,10.55,37.2,3526.0
2001,Cuddalore,108.38,402.81,3717.0
2001,Dharmapuri,54.33,189.51,3488.0
2001,Dindigul,16.11,76.33,4738.0
2001,Erode,50.47,233.91,4635.0
2001,Kancheepuram,135.16,478.94,3544.0
2001,Kanyakumari,28.23,121.39,4300.0
2001,Karur,15.54,56.12,3611.0
2001,Madurai,68.13,271.59,3986.0
2001,Nagapattinam,168.27,427.5,2541.0
2001,Namakkal,21.36,97.61,4570.0
2001,Perambular,48.73,118.71,2436.0
2001,Pudukkottai,83.5,220.6,2642.0
2001,Ramananthapuram,124.52,169.9,1364.0
2001,Salem,46.23,204.3,4419.0
2001,Sivagangai,77.25,159.61,2066.0
2001,Thanjavur,192.16,561.65,2923.0
2001,The Nilgiris,2.15,8.44,3926.0
2001,Theni,17.42,77.88,4471.0
2001,Thirunelveli,71.98,290.13,4031.0
2001,Thiruvallur,94.42,321.61,3406.0
2001,Thiruvarur,174.72,460.11,2633.0
2001,Thoothukudi,10.2,42.78,4194.0
2001,Tiruchirappalli,72.32,296.51,4100.0
2001,Tiruvannamalai,122.69,370.96,3024.0
2001,Vellore,60.11,234.13,3895.0
2001,Villupuram,155.56,561.13,3607.0
2001,Virudhunagar,29.39,92.27,3140.0
2002,Chennai,0.0,0.0,0.0
2002,Coimbatore,6.58,22.15,3366.0
2002,Cuddalore,102.34,281.71,2753.0
2002,Dharmapuri,30.15,77.6,2574.0
2002,Dindigul,15.37,52.71,3429.0
2002,Erode,16.69,74.47,4462.0
2002,Kancheepuram,97.42,278.09,2855.0
2002,Kanyakumari,26.05,98.47,3780.0
2002,Karur,12.84,37.51,2921.0
2002,Madurai,43.96,112.17,2552.0
2002,Nagapattinam,137.72,159.45,1158.0
2002,Namakkal,9.44,34.97,3704.0
2002,Perambular,35.88,60.51,1686.0
2002,Pudukkottai,76.44,158.38,2072.0
2002,Ramananthapuram,126.15,159.79,1267.0
2002,Salem,11.06,39.59,3580.0
2002,Sivagangai,79.74,139.34,1747.0
2002,Thanjavur,139.19,318.33,2287.0
2002,The Nilgiris,1.85,6.23,3368.0
2002,Theni,13.78,54.95,3988.0
2002,Thirunelveli,66.21,266.29,4022.0
2002,Thiruvallur,87.76,279.52,3185.0
2002,Thiruvarur,131.06,112.18,856.0
2002,Thoothukudi,14.72,64.5,4382.0
2002,Tiruchirappalli,51.75,154.95,2994.0
2002,Tiruvannamalai,43.87,115.45,2632.0
2002,Vellore,26.29,89.86,3418.0
2002,Villupuram,80.63,241.29,2993.0
2002,Virudhunagar,31.61,86.66,2742.0
2003,Chennai,0.0,0.0,0.0
2003,Coimbatore,3.65,10.64,2915.0
2003,Cuddalore,104.16,317.66,3050.0
2003,Dharmapuri,4.49,17.86,3978.0
2003,Dindigul,11.44,32.38,2830.0
2003,Erode,1.94,7.96,4103.0
2003,Kancheepuram,97.12,295.64,3044.0
2003,Kanyakumari,17.32,52.9,3054.0
2003,Karur,9.32,24.07,2583.0
2003,Krishnagiri,11.51,20.95,1820.0
2003,Madurai,23.93,65.02,2717.0
2003,Nagapattinam,136.04,259.87,1910.0
2003,Namakkal,7.48,24.36,3257.0
2003,Perambular,36.38,85.91,2361.0
2003,Pudukkottai,79.77,146.6,1838.0
2003,Ramananthapuram,121.03,20.77,172.0
2003,Salem,13.59,43.65,3212.0
2003,Sivagangai,71.96,49.83,692.0
2003,Thanjavur,123.29,354.94,2879.0
2003,The Nilgiris,1.64,5.41,3299.0
2003,Theni,14.23,55.23,3881.0
2003,Thirunelveli,52.47,197.85,3771.0
2003,Thiruvallur,74.94,195.54,2609.0
2003,Thiruvarur,121.44,169.43,1395.0
2003,Thoothukudi,13.54,56.89,4202.0
2003,Tiruchirappalli,42.93,126.08,2937.0
2003,Tiruvannamalai,70.72,198.45,2806.0
2003,Vellore,30.91,108.17,3500.0
2003,Villupuram,75.28,234.75,3118.0
2003,Virudhunagar,24.14,43.98,1822.0
2004,Chennai,0.0,0.0,0.0
2004,Coimbatore,7.24,24.45,3377.0
2004,Cuddalore,114.6,315.7,2755.0
2004,Dharmapuri,13.92,38.57,2771.0
2004,Dindigul,21.03,74.25,3531.0
2004,Erode,55.35,216.25,3907.0
2004,Kancheepuram,101.67,307.11,3021.0
2004,Kanyakumari,22.02,86.49,3928.0
2004,Karur,18.23,54.28,2978.0
2004,Krishnagiri,17.62,45.25,2568.0
2004,Madurai,60.37,196.58,3256.0
2004,Nagapattinam,153.14,140.66,919.0
2004,Namakkal,9.04,28.79,3185.0
2004,Perambular,46.43,108.51,2337.0
2004,Pudukkottai,94.03,277.28,2949.0
2004,Ramananthapuram,126.61,254.7,2012.0
2004,Salem,27.3,96.63,3540.0
2004,Sivagangai,85.14,179.54,2109.0
2004,Thanjavur,160.61,439.32,2735.0
2004,The Nilgiris,1.44,4.76,3306.0
2004,Theni,16.64,67.09,4032.0
2004,Thirunelveli,86.83,358.92,4134.0
2004,Thiruvallur,66.73,199.89,2996.0
2004,Thiruvarur,148.61,239.81,1614.0
2004,Thoothukudi,16.42,67.93,4137.0
2004,Tiruchirappalli,62.18,205.4,3303.0
2004,Tiruvannamalai,116.82,330.49,2829.0
2004,Vellore,29.4,90.15,3066.0
2004,Villupuram,163.7,525.85,3212.0
2004,Virudhunagar,29.71,86.99,2928.0
2005,Chennai,0.0,0.0,0.0
2005,Coimbatore,7.41,20.67,2789.0
2005,Cuddalore,114.29,218.35,1910.0
2005,Dharmapuri,29.02,85.39,2942.0
2005,Dindigul,23.74,75.3,3172.0
2005,Erode,43.54,179.56,4124.0
2005,Kancheepuram,114.72,293.88,2562.0
2005,Kanyakumari,21.71,82.52,3801.0
2005,Karur,18.4,48.23,2621.0
2005,Krishnagiri,21.98,57.8,2630.0
2005,Madurai,71.0,234.49,3303.0
2005,Nagapattinam,158.1,136.64,864.0
2005,Namakkal,18.83,68.85,3656.0
2005,Perambular,45.95,114.56,2493.0
2005,Pudukkottai,95.99,232.57,2423.0
2005,Ramananthapuram,127.4,247.08,1939.0
2005,Salem,37.33,137.29,3678.0
2005,Sivagangai,89.92,192.74,2143.0
2005,Thanjavur,154.9,399.48,2579.0
2005,The Nilgiris,1.43,4.72,3301.0
2005,Theni,15.69,65.29,4161.0
2005,Thirunelveli,86.4,309.07,3577.0
2005,Thiruvallur,96.99,271.58,2800.0
2005,Thiruvarur,156.1,243.45,1560.0
2005,Thoothukudi,19.93,81.82,4105.0
2005,Tiruchirappalli,79.58,236.74,2975.0
2005,Tiruvannamalai,142.74,393.53,2757.0
2005,Vellore,58.16,167.45,2879.0
2005,Villupuram,168.44,511.93,3039.0
2005,Virudhunagar,30.78,98.48,3199.0
2006,Chennai,0.0,0.0,0.0
2006,Coimbatore,6.22,24.01,3860.0
2006,Cuddalore,105.44,392.38,3721.0
2006,Dharmapuri,21.06,76.07,3612.0
2006,Dindigul,18.61,81.25,4366.0
2006,Erode,38.55,161.6,4192.0
2006,Kancheepuram,103.11,395.13,3832.0
2006,Kanyakumari,21.41,94.13,4397.0
2006,Karur,13.75,48.27,3511.0
2006,Krishnagiri,17.89,51.04,2853.0
2006,Madurai,67.23,267.52,3979.0
2006,Nagapattinam,165.71,630.61,3806.0
2006,Namakkal,15.22,57.68,3790.0
2006,Perambular,41.93,131.98,3148.0
2006,Pudukkottai,93.37,283.99,3042.0
2006,Ramananthapuram,130.42,223.19,1711.0
2006,Salem,27.48,99.81,3632.0
2006,Sivagangai,81.39,109.45,1345.0
2006,Thanjavur,164.24,598.16,3642.0
2006,The Nilgiris,1.25,4.0,3200.0
2006,Theni,14.92,64.21,4304.0
2006,Thirunelveli,91.88,385.28,4193.0
2006,Thiruvallur,89.67,318.47,3552.0
2006,Thiruvarur,176.9,586.38,3315.0
2006,Thoothukudi,21.38,94.0,4397.0
2006,Tiruchirappalli,71.72,282.44,3938.0
2006,Tiruvannamalai,111.46,366.05,3284.0
2006,Vellore,41.69,129.19,3099.0
2006,Villupuram,144.78,496.11,3427.0
2006,Virudhunagar,32.74,158.21,4832.0
2007,Chennai,0.0,0.0,0.0
2007,Coimbatore,6.48,24.46,3775.0
2007,Cuddalore,102.8,335.12,3260.0
2007,Dharmapuri,18.8,70.4,3745.0
2007,Dindigul,17.28,67.84,3926.0
2007,Erode,38.36,166.86,4350.0
2007,Kancheepuram,91.36,345.13,3778.0
2007,Kanyakumari,20.35,90.21,4433.0
2007,Karur,12.43,40.28,3241.0
2007,Krishnagiri,14.98,47.67,3182.0
2007,Madurai,61.86,214.88,3474.0
2007,Nagapattinam,154.04,289.32,1878.0
2007,Namakkal,12.21,45.3,3710.0
2007,Perambular,38.12,95.43,2503.0
2007,Pudukkottai,88.67,159.55,1799.0
2007,Ramananthapuram,123.77,29.88,241.0
2007,Salem,21.71,72.08,3320.0
2007,Sivagangai,76.73,78.94,1029.0
2007,Thanjavur,150.23,479.64,3193.0
2007,The Nilgiris,1.11,4.29,3865.0
2007,Theni,14.4,61.66,4282.0
2007,Thirunelveli,83.71,323.94,3870.0
2007,Thiruvallur,78.71,286.01,3634.0
2007,Thiruvarur,151.63,311.31,2053.0
2007,Thoothukudi,18.06,64.74,3585.0
2007,Tiruchirappalli,61.29,227.33,3709.0
2007,Tiruvannamalai,112.15,385.91,3441.0
2007,Vellore,44.33,148.37,3347.0
2007,Villupuram,145.4,480.33,3304.0
2007,Virudhunagar,28.21,93.09,3300.0
2008,Ariyalur,24.57,75.63,3078.0
2008,Chennai,0.0,0.0,0.0
2008,Coimbatore,2.57,4.8,1868.0
2008,Cuddalore,107.82,223.88,2076.0
2008,Dharmapuri,20.37,77.73,3816.0
2008,Dindigul,19.64,72.66,3700.0
2008,Erode,38.05,196.32,5160.0
2008,Kancheepuram,90.87,329.21,3623.0
2008,Kanyakumari,18.19,83.66,4599.0
2008,Karur,15.63,60.16,3849.0
2008,Krishnagiri,14.62,52.3,3577.0
2008,Madurai,66.7,267.23,4006.0
2008,Nagapattinam,170.84,225.15,1318.0
2008,Namakkal,13.91,67.3,4838.0
2008,Perambular,12.4,38.16,3077.0
2008,Pudukkottai,96.39,179.77,1865.0
2008,Ramananthapuram,128.8,202.99,1576.0
2008,Salem,29.93,120.38,4022.0
2008,Sivagangai,80.83,132.14,1635.0
2008,Thanjavur,177.09,357.16,2017.0
2008,The Nilgiris,0.78,3.05,3910.0
2008,Theni,15.58,80.29,5153.0
2008,Thirunelveli,91.32,374.21,4098.0
2008,Thiruvallur,82.24,315.86,3841.0
2008,Thiruvarur,178.04,206.61,1160.0
2008,Thoothukudi,22.4,108.16,4829.0
2008,Tiruchirappalli,72.53,262.38,3618.0
2008,Tiruppur,11.06,20.64,1866.0
2008,Tiruvannamalai,101.89,317.94,3120.0
2008,Vellore,47.42,171.87,3624.0
2008,Villupuram,146.64,451.14,3077.0
2008,Virudhunagar,32.5,104.59,3218.0
2009,Ariyalur,25.98,80.46,3097.0
2009,Coimbatore,2.82,9.88,3504.0
2009,Cuddalore,111.52,322.96,2896.0
2009,Dharmapuri,20.31,79.68,3923.0
2009,Dindigul,16.65,78.85,4736.0
2009,Erode,38.11,156.42,4104.0
2009,Kancheepuram,91.02,331.43,3641.0
2009,Kanyakumari,17.31,76.24,4404.0
2009,Karur,15.01,64.09,4270.0
2009,Krishnagiri,16.49,64.98,3941.0
2009,Madurai,50.99,203.62,3993.0
2009,Nagapattinam,157.86,432.03,2737.0
2009,Namakkal,10.69,45.95,4298.0
2009,Perambular,12.09,42.37,3505.0
2009,Pudukkottai,95.3,188.45,1977.0
2009,Ramananthapuram,133.89,234.88,1754.0
2009,Salem,24.38,106.46,4367.0
2009,Sivagangai,77.33,138.1,1786.0
2009,Thanjavur,162.94,427.14,2621.0
2009,The Nilgiris,0.51,1.78,3490.0
2009,Theni,15.37,77.71,5056.0
2009,Thirunelveli,85.99,355.88,4139.0
2009,Thiruvallur,80.94,256.29,3166.0
2009,Thiruvarur,166.25,483.13,2906.0
2009,Thoothukudi,19.55,96.68,4945.0
2009,Tiruchirappalli,64.3,266.27,4141.0
2009,Tiruppur,11.96,50.18,4196.0
2009,Tiruvannamalai,105.18,324.98,3090.0
2009,Vellore,39.77,135.83,3415.0
2009,Villupuram,148.45,467.83,3151.0
2009,Virudhunagar,26.62,64.72,2431.0
2010,Ariyalur,25.21,97.87,3882.0
2010,Coimbatore,2.67,10.42,3903.0
2010,Cuddalore,115.82,301.51,2603.0
2010,Dharmapuri,22.86,93.21,4077.0
2010,Dindigul,18.35,98.05,5343.0
2010,Erode,36.66,154.54,4215.0
2010,Kancheepuram,95.74,378.63,3955.0
2010,Kanyakumari,16.99,80.39,4732.0
2010,Karur,14.81,56.99,3848.0
2010,Krishnagiri,16.34,70.13,4292.0
2010,Madurai,61.06,260.06,4259.0
2010,Nagapattinam,156.05,321.51,2060.0
2010,Namakkal,14.06,53.96,3838.0
2010,Perambular,14.25,54.71,3839.0
2010,Pudukkottai,92.9,208.87,2248.0
2010,Ramananthapuram,131.4,254.0,1933.0
2010,Salem,33.3,147.78,4438.0
2010,Sivagangai,83.93,188.42,2245.0
2010,Thanjavur,166.21,476.79,2869.0
2010,The Nilgiris,0.39,1.4,3590.0
2010,Theni,15.36,74.01,4818.0
2010,Thirunelveli,79.76,351.82,4411.0
2010,Thiruvallur,83.22,250.21,3007.0
2010,Thiruvarur,160.24,285.59,1782.0
2010,Thoothukudi,20.01,89.44,4470.0
2010,Tiruchirappalli,67.17,268.14,3992.0
2010,Tiruppur,11.8,46.95,3979.0
2010,Tiruvannamalai,125.49,357.69,2850.0
2010,Vellore,43.22,152.83,3536.0
2010,Villupuram,149.93,512.01,3415.0
2010,Virudhunagar,30.57,94.52,3092.0
2011,Ariyalur,24.1,97.26,4036.0
2011,Coimbatore,2.63,10.49,3989.0
2011,Cuddalore,120.98,248.24,2052.0
2011,Dharmapuri,27.07,128.23,4737.0
2011,Dindigul,19.16,103.38,5396.0
2011,Erode,33.72,144.36,4281.0
2011,Kancheepuram,90.42,395.41,4373.0
2011,Kanyakumari,16.62,90.11,5422.0
2011,Karur,17.09,65.74,3847.0
2011,Krishnagiri,20.11,91.44,4547.0
2011,Madurai,65.64,304.24,4635.0
2011,Nagapattinam,170.04,577.03,3393.0
2011,Namakkal,8.13,35.75,4397.0
2011,Perambular,13.1,58.48,4464.0
2011,Pudukkottai,92.59,334.26,3610.0
2011,Ramananthapuram,128.96,438.24,3398.0
2011,Salem,27.75,125.33,4516.0
2011,Sivagangai,83.78,310.18,3702.0
2011,Thanjavur,180.86,722.58,3995.0
2011,The Nilgiris,0.4,1.65,4125.0
2011,Theni,14.74,79.13,5368.0
2011,Thirunelveli,17.68,85.77,4851.0
2011,Thiruvallur,79.22,313.04,3952.0
2011,Thiruvarur,86.73,459.4,5297.0
2011,Thoothukudi,103.92,356.2,3428.0
2011,Tiruchirappalli,63.94,302.48,4731.0
2011,Tiruppur,10.61,48.94,4613.0
2011,Tiruvannamalai,63.94,302.48,4731.0
2011,Vellore,37.99,151.27,3982.0
2011,Villupuram,129.86,471.62,3632.0
2011,Virudhunagar,29.66,118.47,3994.0
2012,Ariyalur,17.52,36.39,2077.0
2012,Coimbatore,2.16,7.89,3653.0
2012,Cuddalore,111.96,339.29,3030.0
2012,Dharmapuri,12.0,53.67,4473.0
2012,Dindigul,9.48,30.81,3250.0
2012,Erode,6.6,29.13,4414.0
2012,Kancheepuram,77.78,344.88,4434.0
2012,Kanyakumari,12.41,57.88,4664.0
2012,Karur,10.91,44.07,4039.0
2012,Krishnagiri,17.75,72.19,4067.0
2012,Madurai,18.02,65.0,3607.0
2012,Nagapattinam,142.21,201.55,1417.0
2012,Namakkal,5.55,20.25,3649.0
2012,Perambular,7.3,20.89,2862.0
2012,Pudukkottai,83.59,240.39,2876.0
2012,Ramananthapuram,116.51,68.56,588.0
2012,Salem,12.93,52.95,4095.0
2012,Sivagangai,70.63,130.31,1845.0
2012,Thanjavur,146.96,431.12,2934.0
2012,The Nilgiris,0.29,1.15,3966.0
2012,Theni,10.32,47.64,4616.0
2012,Thirunelveli,45.4,182.67,4024.0
2012,Thiruvallur,78.34,300.46,3835.0
2012,Thiruvarur,158.9,192.84,1214.0
2012,Thoothukudi,6.23,24.38,3913.0
2012,Tiruchirappalli,45.24,138.08,3052.0
2012,Tiruppur,0.25,0.6,2400.0
2012,Tiruvannamalai,91.77,325.51,3547.0
2012,Vellore,35.71,152.8,4279.0
2012,Villupuram,115.59,396.53,3430.0
2012,Virudhunagar,22.97,40.47,1762.0
2013,Ariyalur,24.44,131.66,5387.0
2013,Coimbatore,2.16,10.14,4694.0
2013,Cuddalore,127.49,565.96,4439.0
2013,Dharmapuri,26.69,132.54,4966.0
2013,Dindigul,4.23,25.76,6090.0
2013,Erode,30.89,163.02,5277.0
2013,Kancheepuram,85.56,391.84,4580.0
2013,Kanyakumari,13.62,66.7,4897.0
2013,Karur,12.57,69.9,5561.0
2013,Krishnagiri,29.7,143.4,4828.0
2013,Madurai,35.27,163.97,4649.0
2013,Nagapattinam,154.75,605.33,3912.0
2013,Namakkal,9.18,50.98,5553.0
2013,Perambular,7.18,36.16,5036.0
2013,Pudukkottai,72.65,119.9,1650.0
2013,Ramananthapuram,114.98,33.93,295.0
2013,Salem,20.15,97.05,4816.0
2013,Sivagangai,65.45,46.08,704.0
2013,Thanjavur,167.29,831.48,4970.0
2013,The Nilgiris,0.33,1.42,4303.0
2013,Theni,12.5,50.81,4065.0
2013,Thirunelveli,62.28,362.99,5828.0
2013,Thiruvallur,95.83,451.52,4712.0
2013,Thiruvarur,174.37,820.54,4706.0
2013,Thoothukudi,11.73,55.45,4727.0
2013,Tiruchirappalli,48.05,226.63,4717.0
2013,Tiruppur,7.51,43.38,5776.0
2013,Tiruvannamalai,82.63,359.4,4350.0
2013,Vellore,39.37,192.5,4890.0
2013,Villupuram,170.44,796.61,4674.0
2013,Virudhunagar,16.47,68.15,4138.0
2014,Ariyalur,23.11,116.24,5030.0
2014,Coimbatore,2.17,9.97,4594.0
2014,Cuddalore,134.68,641.96,4767.0
2014,Dharmapuri,18.3,95.16,5200.0
2014,Dindigul,12.07,70.68,5856.0
2014,Erode,37.19,177.0,4759.0
2014,Kancheepuram,61.88,289.9,4685.0
2014,Kanyakumari,13.18,66.94,5079.0
2014,Karur,13.45,68.61,5101.0
2014,Krishnagiri,19.26,94.09,4885.0
2014,Madurai,47.72,197.5,4139.0
2014,Nagapattinam,159.5,579.96,3636.0
2014,Namakkal,10.42,53.33,5118.0
2014,Perambular,8.99,43.43,4831.0
2014,Pudukkottai,67.24,279.13,4151.0
2014,Ramananthapuram,116.87,423.16,3621.0
2014,Salem,19.34,102.75,5313.0
2014,Sivagangai,65.09,224.88,3455.0
2014,Thanjavur,177.76,696.19,3916.0
2014,The Nilgiris,0.03,0.15,5000.0
2014,Theni,13.84,71.9,5195.0
2014,Thirunelveli,84.82,433.22,5108.0
2014,Thiruvallur,96.35,426.2,4423.0
2014,Thiruvarur,192.62,852.93,4428.0
2014,Thoothukudi,16.28,84.11,5166.0
2014,Tiruchirappalli,51.27,240.2,4685.0
2014,Tiruppur,10.78,61.92,5744.0
2014,Tiruvannamalai,93.13,439.23,4716.0
2014,Vellore,36.58,194.73,5323.0
2014,Villupuram,171.48,832.59,4855.0
2014,Virudhunagar,19.61,81.41,4151.0
2015,Ariyalur,24.41,124.18,5087.0
2015,Coimbatore,2.03,7.94,3911.0
2015,Cuddalore,139.99,507.13,3623.0
2015,Dharmapuri,33.35,149.43,4481.0
2015,Dindigul,14.99,71.95,4800.0
2015,Erode,34.34,146.57,4268.0
2015,Kancheepuram,97.74,415.3,4249.0
2015,Kanyakumari,12.96,55.79,4305.0
2015,Karur,13.28,52.89,3983.0
2015,Krishnagiri,22.81,102.31,4485.0
2015,Madurai,55.98,203.67,3638.0
2015,Nagapattinam,163.79,338.26,2065.0
2015,Namakkal,11.98,60.39,5041.0
2015,Perambular,14.09,64.21,4557.0
2015,Pudukkottai,73.63,258.98,3517.0
2015,Ramananthapuram,116.58,303.46,2603.0
2015,Salem,24.71,122.54,4959.0
2015,Sivagangai,67.21,189.48,2819.0
2015,Thanjavur,177.43,637.0,3590.0
2015,The Nilgiris,0.32,1.42,4438.0
2015,Theni,14.63,79.37,5425.0
2015,Thirunelveli,98.51,488.45,4958.0
2015,Thiruvallur,101.4,333.2,3286.0
2015,Thiruvarur,194.74,666.96,3425.0
2015,Thoothukudi,18.56,74.56,4017.0
2015,Tiruchirappalli,58.57,244.21,4170.0
2015,Tiruppur,10.65,48.17,4523.0
2015,Tiruvannamalai,138.88,550.74,3966.0
2015,Vellore,51.77,202.22,3906.0
2015,Villupuram,182.3,773.31,4242.0
2015,Virudhunagar,28.61,100.61,3517.0
2016,Ariyalur,24.41,121.18,4964.0
2016,Coimbatore,0.87,3.52,4034.0
2016,Cuddalore,131.91,459.91,3487.0
2016,Dharmapuri,33.35,149.43,4481.0
2016,Dindigul,14.99,71.95,4800.0
2016,Erode,34.4,146.47,4258.0
2016,Kancheepuram,72.62,288.04,3967.0
2016,Kanyakumari,12.16,48.67,4004.0
2016,Karur,13.28,52.89,3983.0
2016,Krishnagiri,15.99,69.58,4352.0
2016,Madurai,55.98,203.67,3638.0
2016,Nagapattinam,166.31,338.26,2034.0
2016,Namakkal,11.98,60.39,5041.0
2016,Perambular,3.32,9.44,2844.0
2016,Pudukkottai,69.14,258.98,3746.0
2016,Ramananthapuram,121.85,303.46,2490.0
2016,Salem,18.68,94.74,5072.0
2016,Sivagangai,65.21,42.86,657.0
2016,Thanjavur,177.43,637.0,3590.0
2016,The Nilgiris,0.24,1.04,4292.0
2016,Theni,6.21,37.44,6029.0
2016,Thirunelveli,29.88,105.19,3520.0
2016,Thiruvallur,96.97,297.13,3064.0
2016,Thiruvarur,186.96,332.91,1781.0
2016,Thoothukudi,18.56,74.56,4017.0
2016,Tiruchirappalli,58.57,244.21,4170.0
2016,Tiruppur,1.7,6.42,3771.0
2016,Tiruvannamalai,138.88,550.74,3966.0
2016,Vellore,44.57,187.01,4196.0
2016,Villupuram,182.3,773.31,4242.0
2016,Virudhunagar,28.61,100.61,3517.0
2017,Ariyalur,22.66,99.22,4378.0
2017,Coimbatore,0.68,2.33,3421.0
2017,Cuddalore,131.22,564.54,4302.0
2017,Dharmapuri,22.23,107.21,4822.0
2017,Dindigul,8.8,49.46,5619.0
2017,Erode,10.77,54.46,5057.0
2017,Kancheepuram,90.61,394.58,4354.0
2017,Kanyakumari,9.63,33.03,3431.0
2017,Karur,11.19,42.36,3784.0
2017,Krishnagiri,24.89,118.04,4743.0
2017,Madurai,20.93,84.58,4041.0
2017,Nagapattinam,163.89,447.45,2730.0
2017,Namakkal,7.31,40.44,5532.0
2017,Perambular,9.23,45.02,4876.0
2017,Pudukkottai,85.68,171.65,2003.0
2017,Ramananthapuram,126.64,303.46,2396.0
2017,Salem,18.68,94.74,5071.0
2017,Sivagangai,72.15,64.52,894.0
2017,Thanjavur,170.7,668.51,3916.0
2017,The Nilgiris,0.24,0.92,3854.0
2017,Theni,7.06,37.26,5281.0
2017,Thirunelveli,63.31,294.21,4647.0
2017,Thiruvallur,102.61,412.85,4024.0
2017,Thiruvarur,181.0,699.92,3867.0
2017,Thoothukudi,13.69,60.95,4453.0
2017,Tiruchirappalli,46.62,238.33,5112.0
2017,Tiruppur,7.62,42.75,5613.0
2017,Tiruvannamalai,161.71,704.25,4355.0
2017,Vellore,54.94,255.17,4645.0
2017,Villupuram,163.63,703.29,4298.0
2017,Virudhunagar,18.54,70.47,3800.0
