year,dist_name,actual_evapotranspiration,rice_area_1000_ha,rice_production_1000_tons,rice_yield_kg_per_ha,rice_irrigated_area_1000_ha,maximum_temperature,minimum_temperature,precipitation,nitrogen_kharif_consumption_tons,nitrogen_rabi_consumption_tons,phosphate_kharif_consumption_tons,phosphate_rabi_consumption_tons,potash_kharif_consumption_tons,potash_rabi_consumption_tons,total_kharif_consumption_tons,total_rabi_consumption_tons,water_deficit
1990,Coimbatore,67.75,18.16,62.75,3455.0,18.16,30.11,20.84,82.44,14596.0,18250.0,5249.0,5449.0,11983.0,11611.0,31828.0,35310.0,67.48
1990,Cuddalore,88.41,179.94,611.61,3399.0,177.17,33.09,24.18,96.53,16764.0,27259.0,8862.0,9773.0,12635.0,13412.0,38261.0,50444.0,70.68
1990,Dharmapuri,61.98,29.93,96.18,3213.0,29.84,32.1,21.22,63.4,2785.0,4158.0,1493.0,1767.0,2390.0,1996.0,6668.0,7921.0,85.49
1990,Dindigul,62.8,21.95,80.56,3670.0,21.95,31.14,21.54,73.56,3505.0,4521.0,1814.0,1993.0,2138.0,2768.0,7457.0,9282.0,88.09
1990,Erode,47.85,64.26,277.26,4315.0,64.26,31.64,21.31,50.69,9055.0,16121.0,4995.0,5196.0,5242.0,5774.0,19292.0,27091.0,98.29
1990,Kancheepuram,90.6,231.96,743.65,3206.0,209.69,33.21,23.87,96.47,11361.0,24967.0,6337.0,8963.0,5425.0,10058.0,23123.0,43988.0,66.67
1990,Kanyakumari,83.56,41.23,127.82,3100.0,41.23,30.07,23.2,109.54,2616.0,3980.0,1470.0,1593.0,2293.0,2507.0,6379.0,8080.0,51.45
1990,Madurai,66.38,119.15,409.55,3437.0,119.15,33.48,24.0,78.07,13977.0,20703.0,6399.0,7509.0,10243.0,14872.0,30619.0,43084.0,95.56
1990,Pudukkottai,72.09,68.44,172.55,2521.0,64.31,33.27,24.54,82.71,2118.0,7876.0,1293.0,2460.0,1589.0,3449.0,5000.0,13785.0,91.29
1990,Ramananthapuram,59.57,151.27,263.44,1742.0,64.08,33.36,25.64,72.39,1094.0,5260.0,298.0,1075.0,251.0,900.0,1643.0,7235.0,109.78
1990,Salem,63.67,30.38,101.04,3326.0,30.08,32.55,21.84,67.66,7244.0,10958.0,4454.0,4295.0,10671.0,6207.0,22369.0,21460.0,88.84
1990,Sivagangai,70.69,89.34,203.12,2274.0,70.72,33.46,24.82,82.96,1165.0,4846.0,597.0,1234.0,577.0,913.0,2339.0,6993.0,93.43
1990,Thanjavur,78.58,459.42,1403.46,3055.0,444.7,32.84,24.36,90.17,26445.0,38552.0,14087.0,13317.0,12896.0,20985.0,53428.0,72854.0,79.86
1990,The Nilgiris,69.05,2.78,6.89,2478.0,0.16,24.05,14.74,103.64,3205.0,1997.0,497.0,685.0,2120.0,1814.0,5822.0,4496.0,44.25
1990,Thirunelveli,67.39,101.4,398.26,3928.0,101.4,32.35,24.38,87.34,9233.0,12864.0,4302.0,4919.0,4309.0,5635.0,17844.0,23418.0,86.36
1990,Thoothukudi,48.12,28.79,136.0,4724.0,28.79,33.95,25.58,60.1,2417.0,3887.0,1401.0,1178.0,1573.0,3291.0,5391.0,8356.0,120.16
1990,Tiruchirappalli,61.63,92.68,299.42,3231.0,78.72,33.63,23.69,70.52,12768.0,25553.0,6565.0,7546.0,11664.0,15426.0,30997.0,48525.0,100.93
1990,Tiruvannamalai,78.96,53.32,164.54,3086.0,53.32,32.91,22.83,81.15,4400.0,9478.0,2436.0,2871.0,887.0,2935.0,7723.0,15284.0,73.58
1990,Vellore,69.99,34.57,100.85,2917.0,144.57,32.31,21.92,70.94,7088.0,13629.0,3930.0,5832.0,5938.0,7747.0,16956.0,27208.0,77.91
1990,Virudhunagar,61.77,36.78,123.49,3358.0,33.76,33.95,25.06,74.63,3456.0,7525.0,1711.0,2574.0,2296.0,5432.0,7463.0,15531.0,104.28
1991,Coimbatore,77.13,21.29,73.83,3468.0,21.29,30.11,20.83,103.49,12158.0,14027.0,4982.0,4936.0,11916.0,9864.0,29056.0,28827.0,56.74
1991,Cuddalore,83.84,233.31,827.59,3547.0,229.49,33.1,24.19,96.56,14965.0,26091.0,7226.0,8886.0,10364.0,14625.0,32555.0,49602.0,73.26
1991,Dharmapuri,71.76,76.6,244.43,3191.0,76.45,32.12,21.23,86.95,2972.0,7310.0,1638.0,2523.0,2434.0,280.0,7044.0,10113.0,76.89
1991,Dindigul,64.33,19.72,72.3,3666.0,19.67,31.15,21.55,67.07,3200.0,6220.0,1523.0,1929.0,2105.0,3454.0,6828.0,11603.0,83.59
1991,Erode,59.68,75.56,285.82,3783.0,75.47,31.65,21.31,66.86,9973.0,14543.0,4883.0,3427.0,6037.0,5823.0,20893.0,23793.0,86.68
1991,Kancheepuram,84.91,264.41,894.59,3383.0,242.2,33.23,23.88,101.79,12320.0,21044.0,6288.0,8053.0,6011.0,6693.0,24619.0,35790.0,71.28
1991,Kanyakumari,86.28,40.57,143.22,3530.0,40.57,30.06,23.18,114.6,2901.0,4870.0,1603.0,1757.0,2368.0,2711.0,6872.0,9338.0,46.24
1991,Madurai,67.91,102.54,363.75,3547.0,102.54,33.5,24.01,66.79,13522.0,16138.0,6896.0,5485.0,11154.0,13227.0,31572.0,34850.0,90.14
1991,Pudukkottai,71.02,76.11,215.02,2825.0,72.95,33.28,24.54,72.01,2562.0,11945.0,1154.0,3290.0,1454.0,4460.0,5170.0,19695.0,88.81
1991,Ramananthapuram,61.12,137.38,69.47,506.0,56.53,33.38,25.65,57.74,1273.0,5952.0,430.0,1969.0,245.0,1820.0,1948.0,9741.0,103.17
1991,Salem,72.2,67.82,229.93,3390.0,67.58,32.55,21.83,84.52,6998.0,16615.0,3840.0,6801.0,8949.0,8152.0,19787.0,31568.0,80.19
1991,Sivagangai,71.09,85.6,153.64,1795.0,67.29,33.49,24.83,69.6,1823.0,6612.0,687.0,1780.0,532.0,2364.0,3042.0,10756.0,88.72
1991,Thanjavur,75.69,471.62,1575.31,3340.0,457.03,32.84,24.35,79.02,28288.0,32592.0,14088.0,8676.0,16606.0,18486.0,58982.0,59754.0,79.44
1991,The Nilgiris,77.83,1.56,4.87,3122.0,0.16,24.07,14.75,146.48,3059.0,1369.0,725.0,381.0,2238.0,724.0,6022.0,2474.0,35.0
1991,Thirunelveli,70.51,98.98,319.12,3224.0,98.98,32.36,24.38,78.01,11105.0,12574.0,4874.0,3213.0,5383.0,5824.0,21362.0,21611.0,79.46
1991,Thoothukudi,48.94,31.95,109.12,3415.0,31.95,33.96,25.58,47.98,2328.0,3498.0,1416.0,1437.0,1976.0,2152.0,5720.0,7087.0,114.66
1991,Tiruchirappalli,65.03,113.85,416.96,3662.0,100.73,33.64,23.69,69.67,13156.0,25365.0,6971.0,8528.0,13073.0,24700.0,33200.0,58593.0,95.73
1991,Tiruvannamalai,78.04,106.9,326.99,3059.0,106.83,32.94,22.85,92.09,3706.0,12405.0,1937.0,5530.0,1514.0,5238.0,7157.0,23173.0,74.06
1991,Vellore,72.7,70.44,223.1,3167.0,70.44,32.35,21.96,85.45,7531.0,15003.0,4209.0,5811.0,4736.0,6056.0,16476.0,26870.0,75.68
1991,Virudhunagar,64.05,21.68,47.2,2177.0,19.55,33.97,25.07,61.36,4678.0,9571.0,1878.0,2919.0,2409.0,4201.0,8965.0,16691.0,97.4
1992,Coimbatore,69.69,27.03,86.26,3191.0,27.03,30.18,20.21,96.05,11987.0,16141.0,5023.0,5106.0,8233.0,6827.0,25243.0,28074.0,65.97
1992,Cuddalore,82.37,241.88,780.58,3227.0,236.55,33.21,23.61,83.06,17563.0,34331.0,8675.0,11256.0,9438.0,9045.0,35676.0,54632.0,74.67
1992,Dharmapuri,62.71,47.35,119.2,2517.0,47.35,32.22,20.64,55.62,3770.0,6862.0,1727.0,2749.0,2169.0,1980.0,7666.0,11591.0,82.67
1992,Dindigul,60.24,23.48,89.38,3807.0,23.38,31.21,20.92,65.93,2762.0,7885.0,1371.0,2747.0,1594.0,2299.0,5727.0,12931.0,89.66
1992,Erode,46.73,75.76,279.08,3684.0,75.66,31.73,20.7,48.07,11793.0,16077.0,4946.0,4611.0,6229.0,5623.0,22968.0,26311.0,98.85
1992,Kancheepuram,76.15,237.07,729.92,3079.0,218.82,33.39,23.34,79.86,12364.0,23705.0,5838.0,8557.0,5207.0,6012.0,23409.0,38274.0,80.98
1992,Kanyakumari,83.39,38.79,118.92,3066.0,38.79,30.11,22.54,122.7,3311.0,4185.0,1840.0,1371.0,2538.0,1269.0,7689.0,6825.0,50.43
1992,Madurai,64.81,116.33,443.03,3808.0,116.33,33.55,23.37,70.45,10136.0,19841.0,5273.0,5902.0,8220.0,7987.0,23629.0,33730.0,95.67
1992,Nagapattinam,85.88,306.09,1028.22,3359.0,292.05,32.62,24.01,98.03,12586.0,18194.0,4311.0,5339.0,9953.0,4632.0,26850.0,28165.0,70.83
1992,Pudukkottai,70.42,98.25,299.33,3047.0,90.18,33.34,23.9,72.15,2787.0,11623.0,1581.0,2511.0,1913.0,1941.0,6281.0,16075.0,89.94
1992,Ramananthapuram,58.02,146.34,224.91,1537.0,57.68,33.42,25.0,66.61,680.0,7507.0,262.0,1345.0,86.0,210.0,1028.0,9062.0,109.1
1992,Salem,59.25,56.81,191.75,3375.0,56.61,32.64,21.23,56.87,9165.0,16950.0,4767.0,5744.0,7696.0,5572.0,21628.0,28266.0,90.82
1992,Sivagangai,71.71,97.06,257.35,2651.0,79.62,33.53,24.19,75.66,1383.0,7978.0,487.0,1362.0,311.0,824.0,2181.0,10164.0,89.31
1992,Thanjavur,75.34,222.22,727.98,3276.0,221.88,32.94,23.75,76.29,18409.0,19730.0,7449.0,6431.0,9168.0,5525.0,35026.0,31686.0,80.39
1992,The Nilgiris,70.86,1.87,3.84,2053.0,0.14,24.13,14.12,131.71,2246.0,1336.0,348.0,499.0,1340.0,697.0,3934.0,2532.0,42.53
1992,Thirunelveli,61.92,103.61,420.35,4057.0,103.61,32.41,23.74,84.64,8838.0,17843.0,3559.0,4347.0,5135.0,3486.0,17532.0,25676.0,91.55
1992,Thoothukudi,44.7,27.03,102.12,3778.0,27.03,34.02,24.94,58.15,1949.0,4403.0,1206.0,1283.0,1268.0,1064.0,4423.0,6750.0,123.21
1992,Tiruchirappalli,60.83,142.7,475.39,3331.0,130.85,33.71,23.07,58.43,14686.0,24407.0,7011.0,8056.0,10529.0,8515.0,32226.0,40978.0,99.49
1992,Tiruvannamalai,72.45,91.93,211.47,2300.0,91.93,33.07,22.29,65.09,5095.0,10954.0,2196.0,3698.0,2714.0,1746.0,10005.0,16398.0,77.9
1992,Vellore,64.57,48.5,107.95,2226.0,48.5,32.48,21.4,58.22,7805.0,15168.0,3211.0,4561.0,4669.0,5560.0,15685.0,25289.0,81.23
1992,Virudhunagar,58.34,34.27,108.69,3172.0,32.09,34.03,24.44,67.2,2708.0,8192.0,1626.0,1497.0,1924.0,1467.0,6258.0,11156.0,106.93
1993,Coimbatore,69.08,25.0,83.0,3320.0,16.41,30.28,20.28,100.64,12273.0,13346.0,3814.0,4780.0,9936.0,5658.0,26023.0,23784.0,70.12
1993,Cuddalore,78.49,252.0,625.0,2480.0,241.65,33.28,23.65,102.39,15561.0,16497.0,7053.0,6008.0,7041.0,7628.0,29655.0,30133.0,85.05
1993,Dharmapuri,61.1,56.0,174.0,3107.0,54.81,32.34,20.73,68.83,3240.0,6528.0,1632.0,2931.0,1575.0,3448.0,6447.0,12907.0,93.87
1993,Dindigul,60.48,32.0,110.0,3438.0,30.51,31.29,20.98,78.12,2299.0,8575.0,1983.0,3496.0,1914.0,4061.0,6196.0,16132.0,96.42
1993,Erode,50.56,71.0,287.0,4042.0,68.28,31.84,20.78,55.99,10782.0,16288.0,5019.0,6297.0,7385.0,8273.0,23186.0,30858.0,103.0
1993,Kancheepuram,87.54,290.0,883.0,3045.0,273.84,33.45,23.38,108.4,9899.0,24735.0,4262.0,9558.0,3402.0,8988.0,17563.0,43281.0,73.95
1993,Kanyakumari,78.23,42.0,142.0,3381.0,38.54,30.19,22.6,132.61,3455.0,4416.0,1021.0,1894.0,1472.0,2303.0,5948.0,8613.0,60.16
1993,Madurai,63.62,118.0,433.0,3669.0,117.0,33.63,23.42,81.57,5729.0,18952.0,4058.0,7370.0,6931.0,10699.0,16718.0,37021.0,105.1
1993,Nagapattinam,81.86,318.0,627.0,1972.0,300.11,32.68,24.05,126.74,10199.0,10024.0,5135.0,3361.0,4881.0,5475.0,20215.0,18860.0,80.11
1993,Pudukkottai,63.75,96.0,307.0,3198.0,96.84,33.41,23.95,82.05,2838.0,10369.0,1127.0,3418.0,1410.0,3580.0,5375.0,17367.0,105.53
1993,Ramananthapuram,59.03,144.0,319.0,2215.0,58.65,33.48,25.04,81.73,1578.0,6566.0,311.0,1446.0,123.0,773.0,2012.0,8785.0,114.89
1993,Salem,59.78,75.0,242.0,3227.0,74.77,32.76,21.32,67.87,9817.0,13493.0,4983.0,6133.0,7353.0,6940.0,22153.0,26566.0,99.83
1993,Sivagangai,65.23,96.0,261.0,2719.0,85.65,33.6,24.23,84.66,1489.0,5678.0,500.0,1446.0,163.0,1387.0,2152.0,8511.0,105.32
1993,Thanjavur,68.45,222.0,562.0,2532.0,215.58,33.0,23.79,92.5,17142.0,16737.0,5863.0,5686.0,10114.0,7787.0,33119.0,30210.0,94.46
1993,The Nilgiris,70.43,2.0,3.0,1500.0,0.12,24.24,14.2,121.95,3045.0,1635.0,938.0,677.0,267.0,2262.0,4250.0,4574.0,45.49
1993,Thirunelveli,61.35,103.0,390.0,3786.0,103.26,32.47,23.77,104.39,7195.0,12626.0,2139.0,4674.0,2394.0,9971.0,11728.0,27271.0,97.07
1993,Thoothukudi,47.2,28.0,106.0,3786.0,28.66,34.07,24.97,77.33,1597.0,4564.0,977.0,1356.0,850.0,2066.0,3424.0,7986.0,126.54
1993,Tiruchirappalli,56.78,136.0,432.0,3176.0,135.43,33.79,23.13,67.59,13454.0,25285.0,5684.0,8950.0,8452.0,11518.0,27590.0,45753.0,113.5
1993,Tiruvannamalai,74.23,98.0,257.0,2622.0,100.04,33.16,22.35,86.74,3820.0,10618.0,1714.0,4824.0,1430.0,4595.0,6964.0,20037.0,84.47
1993,Vellore,70.2,70.0,185.0,2643.0,61.62,32.58,21.47,78.86,7881.0,16861.0,2982.0,6279.0,3917.0,6346.0,14780.0,29486.0,83.75
1993,Virudhunagar,61.36,39.0,164.0,4205.0,35.51,34.09,24.47,81.35,2189.0,7516.0,1047.0,2683.0,1663.0,3182.0,4899.0,13381.0,111.55
1994,Coimbatore,84.51,19.34,71.48,3696.0,19.34,30.21,20.34,111.44,8904.0,16209.0,5124.0,4196.0,9705.0,10515.0,23733.0,30920.0,50.23
1994,Cuddalore,85.15,108.94,410.99,3773.0,106.95,33.28,23.77,87.02,11141.0,18711.0,6860.0,6094.0,7129.0,7526.0,25130.0,32331.0,77.73
1994,Dharmapuri,62.89,50.99,187.55,3678.0,50.99,32.28,20.8,66.24,3480.0,5895.0,2835.0,2570.0,4016.0,2743.0,10331.0,11208.0,89.02
1994,Dindigul,69.19,31.53,160.81,5100.0,31.53,31.28,21.09,68.95,4266.0,8705.0,2686.0,3188.0,3561.0,3650.0,10513.0,15543.0,82.65
1994,Erode,58.07,64.78,278.52,4299.0,64.64,31.76,20.83,62.52,11426.0,16677.0,7301.0,4352.0,7441.0,5008.0,26168.0,26037.0,90.15
1994,Kancheepuram,88.02,260.71,850.76,3263.0,245.48,33.44,23.49,97.21,11179.0,27380.0,6027.0,9683.0,5801.0,8459.0,23007.0,45522.0,74.22
1994,Kanyakumari,96.55,37.57,151.65,4036.0,37.57,30.19,22.72,114.23,2858.0,3680.0,1636.0,1712.0,2490.0,2031.0,6984.0,7423.0,37.03
1994,Madurai,74.88,114.96,472.7,4112.0,114.72,33.62,23.54,70.53,12647.0,19854.0,6186.0,6324.0,10199.0,12084.0,29032.0,38262.0,87.74
1994,Nagapattinam,84.57,321.13,1175.29,3660.0,307.98,32.71,24.21,97.22,13087.0,16404.0,9627.0,4813.0,8979.0,4380.0,31693.0,25597.0,78.39
1994,Pudukkottai,74.15,91.99,290.01,3153.0,82.84,33.43,24.09,66.19,3866.0,9813.0,2225.0,2434.0,2818.0,3010.0,8909.0,15257.0,90.06
1994,Ramananthapuram,71.98,144.74,213.84,1477.0,60.34,33.5,25.18,61.95,1095.0,6017.0,841.0,1254.0,654.0,888.0,2590.0,8159.0,96.07
1994,Salem,65.91,67.99,236.29,3475.0,67.52,32.7,21.39,68.87,11204.0,15578.0,5792.0,5019.0,9573.0,9275.0,26569.0,29872.0,90.23
1994,Sivagangai,76.48,99.82,261.46,2619.0,80.79,33.62,24.37,67.53,1800.0,4130.0,784.0,1286.0,1750.0,1279.0,4334.0,6695.0,87.88
1994,Thanjavur,80.62,210.36,669.31,3182.0,208.64,33.03,23.94,72.36,16008.0,21900.0,9449.0,4404.0,9390.0,7051.0,34847.0,33355.0,79.17
1994,The Nilgiris,83.92,1.59,3.16,1987.0,0.1,24.15,14.24,163.06,1762.0,3207.0,689.0,597.0,2197.0,1070.0,4648.0,4874.0,28.69
1994,Thirunelveli,77.39,102.36,488.42,4772.0,102.36,32.48,23.9,86.7,7269.0,11303.0,3536.0,3401.0,4252.0,5528.0,15057.0,20232.0,75.04
1994,Thoothukudi,58.14,30.12,122.85,4079.0,30.12,34.07,25.1,58.97,2134.0,3814.0,1387.0,1507.0,1770.0,1343.0,5291.0,6664.0,109.43
1994,Tiruchirappalli,63.32,139.72,480.72,3441.0,129.36,33.78,23.25,63.17,16300.0,22387.0,7979.0,5346.0,12659.0,11304.0,36938.0,39037.0,102.01
1994,Tiruvannamalai,76.57,108.12,344.43,3186.0,108.12,33.12,22.44,77.71,5194.0,17391.0,3166.0,4822.0,3491.0,4341.0,11851.0,26554.0,79.91
1994,Vellore,66.66,52.68,146.06,2773.0,52.23,32.53,21.54,68.89,10536.0,16172.0,4307.0,5698.0,5956.0,6847.0,20799.0,28717.0,85.23
1994,Villupuram,80.88,132.36,455.33,3440.0,129.01,33.34,23.16,80.58,11052.0,15441.0,4536.0,5026.0,6741.0,6218.0,22329.0,26685.0,80.26
1994,Virudhunagar,76.56,36.74,87.08,2370.0,33.26,34.09,24.6,69.17,2982.0,4977.0,1662.0,1420.0,1811.0,2030.0,6455.0,8427.0,88.78
1995,Coimbatore,70.19,13.85,46.86,3383.0,13.85,30.31,20.57,91.01,12015.0,10637.0,4101.0,3720.0,9574.0,7806.0,25690.0,22163.0,61.59
1995,Cuddalore,93.39,106.43,325.44,3058.0,103.51,33.33,23.95,81.8,10625.0,13386.0,3705.0,4717.0,4504.0,5085.0,18834.0,23188.0,62.48
1995,Dharmapuri,68.83,47.7,177.87,3729.0,47.51,32.34,20.99,67.41,5438.0,6073.0,2482.0,2509.0,3540.0,2586.0,11460.0,11168.0,76.23
1995,Dindigul,62.06,18.73,76.69,4095.0,18.73,31.39,21.32,59.46,4634.0,5591.0,2144.0,1745.0,2066.0,3188.0,8844.0,10524.0,84.54
1995,Erode,48.04,61.67,265.43,4304.0,61.51,31.87,21.06,48.23,12160.0,14208.0,4250.0,4092.0,5352.0,5154.0,21762.0,23454.0,96.3
1995,Kancheepuram,101.15,252.33,765.19,3032.0,238.05,33.44,23.61,100.73,13870.0,30843.0,4955.0,7674.0,5476.0,6662.0,24301.0,45179.0,55.44
1995,Kanyakumari,88.32,36.02,148.73,4129.0,36.02,30.3,22.95,99.33,3385.0,3083.0,1591.0,1475.0,1999.0,2060.0,6975.0,6618.0,44.87
1995,Madurai,67.29,88.92,266.06,2992.0,88.92,33.74,23.78,62.98,14455.0,14794.0,5008.0,4491.0,13048.0,12554.0,32511.0,31839.0,89.37
1995,Nagapattinam,96.64,288.84,676.61,2343.0,275.68,32.76,24.39,80.61,12800.0,20383.0,6446.0,5828.0,5931.0,4483.0,25177.0,30694.0,59.82
1995,Pudukkottai,68.44,55.54,75.66,1362.0,49.11,33.52,24.32,62.06,3615.0,6444.0,1430.0,1699.0,2179.0,2523.0,7224.0,10666.0,90.87
1995,Ramananthapuram,60.46,128.38,13.03,101.0,48.63,33.62,25.42,52.38,1147.0,4244.0,980.0,1062.0,598.0,1477.0,2725.0,6783.0,103.95
1995,Salem,66.89,66.01,227.53,3447.0,64.74,32.78,21.59,65.57,9897.0,13638.0,3718.0,4137.0,6101.0,6553.0,19716.0,24328.0,82.51
1995,Sivagangai,69.1,72.06,57.95,804.0,54.64,33.74,24.62,62.93,2259.0,2617.0,664.0,530.0,314.0,458.0,3237.0,3605.0,91.2
1995,Thanjavur,78.33,188.8,528.5,2799.0,188.79,33.1,24.14,66.08,13633.0,22544.0,5834.0,5297.0,4645.0,5995.0,24112.0,33836.0,75.77
1995,The Nilgiris,72.7,1.68,2.25,1339.0,0.11,24.24,14.45,126.36,3112.0,1989.0,854.0,890.0,647.0,1860.0,4613.0,4739.0,39.19
1995,Thirunelveli,68.29,79.5,330.8,4161.0,79.5,32.6,24.15,71.97,7948.0,12328.0,2817.0,2735.0,3823.0,4450.0,14588.0,19513.0,81.43
1995,Thoothukudi,46.79,22.64,93.97,4151.0,22.64,34.2,25.36,46.88,2980.0,2885.0,1187.0,887.0,1246.0,1023.0,5413.0,4795.0,117.41
1995,Tiruchirappalli,60.84,119.89,341.38,2847.0,108.73,33.87,23.46,56.93,15858.0,20716.0,5203.0,5422.0,8793.0,11818.0,29854.0,37956.0,98.87
1995,Tiruvannamalai,86.18,101.45,262.68,2589.0,101.45,33.16,22.61,87.45,7283.0,9807.0,3119.0,3622.0,2429.0,3838.0,12831.0,17267.0,65.32
1995,Vellore,78.17,60.52,168.73,2788.0,60.47,32.56,21.7,81.54,9687.0,15994.0,3482.0,4713.0,4091.0,5511.0,17260.0,26218.0,68.91
1995,Villupuram,87.36,119.21,421.83,3539.0,115.99,33.39,23.33,82.17,9994.0,12870.0,3662.0,4792.0,5513.0,5979.0,19169.0,23641.0,67.51
1995,Virudhunagar,64.93,17.42,16.84,967.0,17.06,34.21,24.85,58.57,2619.0,3445.0,1305.0,667.0,1600.0,1243.0,5524.0,5355.0,96.09
1996,Coimbatore,64.59,17.47,65.12,3728.0,17.47,30.35,20.36,80.13,11783.0,14381.0,2792.0,3984.0,8279.0,5926.0,22854.0,24291.0,73.35
1996,Cuddalore,69.77,116.4,218.63,1878.0,112.94,33.36,23.74,88.32,11123.0,15423.0,5420.0,4747.0,5267.0,4518.0,21810.0,24688.0,93.47
1996,Dharmapuri,58.28,59.81,183.31,3065.0,59.15,32.42,20.82,60.89,4356.0,9381.0,1750.0,3978.0,2493.0,3135.0,8599.0,16494.0,94.06
1996,Dindigul,52.64,23.29,95.37,4095.0,23.29,31.37,21.06,54.95,4344.0,8126.0,1926.0,2923.0,1433.0,2889.0,7703.0,13938.0,101.03
1996,Erode,42.55,67.58,280.93,4157.0,67.39,31.91,20.86,44.6,11510.0,22227.0,2595.0,5519.0,4728.0,4828.0,18833.0,32574.0,108.3
1996,Kancheepuram,70.88,155.37,456.72,2940.0,151.88,33.52,23.46,88.53,11901.0,23821.0,3803.0,8887.0,2353.0,7158.0,18057.0,39866.0,91.25
1996,Kanyakumari,87.7,33.66,138.93,4127.0,33.66,30.26,22.67,108.45,2776.0,3094.0,1067.0,1370.0,1775.0,1892.0,5618.0,6356.0,49.28
1996,Karur,44.38,15.48,45.96,2969.0,15.48,34.55,23.66,46.04,-1.0,-1.0,-1.0,-1.0,-1.0,-1.0,-1.0,-1.0,127.56
1996,Madurai,61.31,84.71,299.27,3533.0,84.71,33.71,23.5,63.75,12311.0,20672.0,3873.0,5747.0,6134.0,8435.0,22318.0,34854.0,101.56
1996,Nagapattinam,72.84,145.36,239.56,1648.0,127.18,32.76,24.15,105.05,13245.0,16208.0,2716.0,4154.0,2343.0,3544.0,18304.0,23906.0,88.88
1996,Perambular,63.38,47.58,142.2,2989.0,37.84,34.16,23.67,68.76,-1.0,-1.0,-1.0,-1.0,-1.0,-1.0,-1.0,-1.0,107.65
1996,Pudukkottai,69.24,82.1,216.09,2632.0,75.07,33.5,24.04,74.7,8415.0,8074.0,2546.0,2310.0,5933.0,2283.0,16894.0,12667.0,97.29
1996,Ramananthapuram,62.75,132.4,148.34,1120.0,53.61,33.57,25.13,67.16,14793.0,4918.0,540.0,1197.0,1158.0,610.0,16491.0,6725.0,108.48
1996,Salem,56.81,45.15,169.72,3759.0,43.39,32.83,21.4,59.67,7828.0,19422.0,3206.0,6379.0,5136.0,6125.0,16170.0,31926.0,100.52
1996,Sivagangai,71.53,81.88,161.17,1968.0,61.97,33.69,24.32,76.22,1876.0,3900.0,408.0,660.0,109.0,392.0,2393.0,4952.0,94.98
1996,Thanjavur,68.56,167.11,427.37,2557.0,166.18,33.08,23.88,80.73,12606.0,20786.0,3412.0,5698.0,4258.0,5524.0,20276.0,32008.0,93.13
1996,The Nilgiris,69.41,1.94,3.08,1588.0,0.15,24.31,14.28,124.41,3451.0,2689.0,655.0,741.0,403.0,322.0,4509.0,3752.0,46.45
1996,Theni,64.84,19.03,67.94,3570.0,19.03,30.45,20.85,67.94,-1.0,-1.0,-1.0,-1.0,-1.0,-1.0,-1.0,-1.0,78.03
1996,Thirunelveli,67.62,68.04,264.55,3888.0,68.04,32.54,23.85,76.76,6588.0,9978.0,1761.0,3067.0,1923.0,2962.0,10272.0,16007.0,88.35
1996,Thiruvallur,70.04,107.08,322.03,3007.0,101.28,33.7,23.21,87.09,-1.0,-1.0,-1.0,-1.0,-1.0,-1.0,-1.0,-1.0,90.18
1996,Thiruvarur,71.4,155.37,238.83,1537.0,155.37,32.84,24.1,94.68,-1.0,-1.0,-1.0,-1.0,-1.0,-1.0,-1.0,-1.0,89.84
1996,Thoothukudi,49.52,14.41,61.01,4234.0,14.41,34.15,25.06,50.87,2255.0,2909.0,652.0,972.0,675.0,986.0,3582.0,4867.0,120.09
1996,Tiruchirappalli,55.32,58.58,179.68,3067.0,57.82,33.87,23.21,57.85,12629.0,30159.0,4351.0,9530.0,6876.0,9873.0,23856.0,49562.0,111.49
1996,Tiruvannamalai,69.06,146.54,384.01,2621.0,146.54,33.23,22.43,72.36,5597.0,14921.0,1879.0,5768.0,1831.0,3812.0,9307.0,24501.0,88.62
1996,Vellore,64.5,86.85,260.57,3000.0,86.78,32.64,21.54,66.33,9871.0,22404.0,2724.0,6993.0,3637.0,5216.0,16232.0,34613.0,88.02
1996,Villupuram,67.34,186.24,557.86,2995.0,183.04,33.44,23.14,76.98,11407.0,22692.0,2791.0,7956.0,4117.0,8661.0,18315.0,39309.0,95.03
1996,Virudhunagar,58.95,28.91,81.89,2833.0,25.79,34.17,24.56,61.14,2012.0,4853.0,452.0,1160.0,471.0,1794.0,2935.0,7807.0,108.7
1997,Coimbatore,71.55,18.7,57.67,3084.0,18.7,30.45,20.85,122.35,17434.0,15552.0,5607.0,4604.0,15290.0,8835.0,38331.0,28991.0,62.82
1997,Cuddalore,81.08,116.63,358.11,3070.0,113.6,33.49,24.26,125.0,11294.0,12759.0,4989.0,4300.0,5223.0,5216.0,21506.0,22275.0,78.36
1997,Dharmapuri,64.88,64.39,203.89,3166.0,64.28,32.54,21.33,89.43,7998.0,8280.0,4207.0,3175.0,5207.0,2850.0,17412.0,14305.0,83.81
1997,Dindigul,57.45,27.59,136.52,4948.0,27.59,31.49,21.57,88.13,4994.0,9858.0,2906.0,3763.0,2389.0,4437.0,10289.0,18058.0,91.51
1997,Erode,54.09,60.89,268.93,4417.0,60.72,32.03,21.38,71.58,15981.0,18141.0,8049.0,6225.0,7851.0,7969.0,31881.0,32335.0,92.41
1997,Kancheepuram,82.08,154.69,505.7,3269.0,151.33,33.66,23.99,127.52,12976.0,23168.0,5852.0,7045.0,4618.0,6475.0,23446.0,36688.0,76.29
1997,Kanyakumari,85.85,31.24,118.64,3798.0,31.24,30.33,23.13,127.2,2977.0,3188.0,1618.0,1533.0,2079.0,1887.0,6674.0,6608.0,46.48
1997,Karur,53.67,16.45,48.59,2954.0,16.45,34.69,24.19,73.87,0.0,641.0,0.0,525.0,0.0,789.0,0.0,1955.0,113.15
1997,Madurai,59.32,83.06,314.38,3785.0,83.06,33.82,24.0,88.44,11086.0,19705.0,5365.0,5345.0,6939.0,9801.0,23390.0,34851.0,99.25
1997,Nagapattinam,84.86,156.95,269.63,1718.0,142.48,32.89,24.66,140.84,16403.0,12486.0,8603.0,2597.0,4490.0,2965.0,29496.0,18048.0,73.85
1997,Namakkal,59.98,23.98,99.15,4135.0,23.98,33.59,22.72,80.48,0.0,805.0,0.0,479.0,0.0,83.0,0.0,1367.0,98.1
1997,Perambular,65.49,49.85,152.82,3066.0,40.63,34.28,24.17,96.49,0.0,2319.0,0.0,1707.0,0.0,1898.0,0.0,5924.0,100.34
1997,Pudukkottai,63.16,88.3,242.81,2750.0,78.65,33.62,24.55,91.23,5649.0,13301.0,5178.0,4790.0,4083.0,6576.0,14910.0,24667.0,100.46
1997,Ramananthapuram,51.8,144.63,480.49,3322.0,62.62,33.66,25.62,81.09,1957.0,8823.0,844.0,1281.0,616.0,1100.0,3417.0,11204.0,116.38
1997,Salem,65.26,46.48,187.98,4044.0,45.94,32.96,21.92,89.41,12260.0,13627.0,6300.0,5903.0,12244.0,5857.0,30804.0,25387.0,87.39
1997,Sivagangai,62.75,90.93,221.56,2437.0,73.47,33.8,24.83,89.8,1537.0,5941.0,616.0,990.0,562.0,899.0,2715.0,7830.0,101.07
1997,Thanjavur,67.35,181.5,489.77,2698.0,181.38,33.21,24.4,103.23,19516.0,18440.0,6871.0,3212.0,6588.0,3943.0,32975.0,25595.0,91.03
1997,The Nilgiris,73.05,1.72,5.98,3477.0,0.21,24.42,14.79,166.8,3513.0,2935.0,910.0,389.0,2730.0,1800.0,7153.0,5124.0,41.72
1997,Theni,66.42,19.83,61.81,3117.0,19.83,30.55,21.34,106.01,0.0,4151.0,0.0,1616.0,0.0,1568.0,0.0,7335.0,71.41
1997,Thirunelveli,61.88,88.78,325.65,3668.0,88.78,32.62,24.32,98.37,5005.0,16858.0,2279.0,5105.0,2412.0,5814.0,9696.0,27777.0,87.46
1997,Thiruvallur,80.31,111.9,434.77,3885.0,105.3,33.88,23.78,124.21,0.0,1548.0,0.0,1471.0,0.0,1862.0,0.0,4881.0,75.66
1997,Thiruvarur,79.21,168.21,285.51,1697.0,168.21,32.96,24.62,122.93,0.0,1054.0,0.0,238.0,0.0,638.0,0.0,1930.0,78.57
1997,Thoothukudi,43.28,17.91,78.65,4391.0,17.91,34.22,25.52,71.57,2908.0,3815.0,1004.0,1196.0,842.0,1424.0,4754.0,6435.0,121.36
1997,Tiruchirappalli,58.27,67.73,223.53,3300.0,66.94,34.0,23.74,82.96,20506.0,20666.0,11216.0,7074.0,17023.0,14360.0,48745.0,42100.0,104.59
1997,Tiruvannamalai,71.95,142.22,405.68,2852.0,142.22,33.36,22.95,102.45,8396.0,14397.0,4974.0,5900.0,4464.0,5489.0,17834.0,25786.0,81.74
1997,Vellore,66.66,71.61,236.91,3308.0,71.58,32.79,22.07,90.98,13898.0,16452.0,5734.0,5061.0,6543.0,5166.0,26175.0,26679.0,82.35
1997,Villupuram,74.58,178.16,566.36,3179.0,175.06,33.57,23.66,110.78,12315.0,20376.0,5919.0,7700.0,7031.0,7695.0,25265.0,35771.0,83.6
1997,Virudhunagar,54.08,36.21,112.24,3100.0,35.22,34.26,25.05,83.78,2126.0,7569.0,954.0,1722.0,1030.0,2322.0,4110.0,11613.0,108.63
1998,Chennai,86.5,0.0,0.0,0.0,0.0,34.71,24.54,99.2,-1.0,-1.0,-1.0,-1.0,-1.0,-1.0,-1.0,-1.0,77.28
1998,Coimbatore,80.86,12.26,44.25,3609.0,12.26,30.89,20.98,122.22,-1.0,-1.0,-1.0,-1.0,-1.0,-1.0,-1.0,-1.0,56.13
1998,Cuddalore,94.72,110.79,370.94,3348.0,108.9,33.99,24.45,112.04,-1.0,-1.0,-1.0,-1.0,-1.0,-1.0,-1.0,-1.0,65.3
1998,Dharmapuri,87.52,62.18,229.33,3688.0,61.94,33.0,21.48,89.67,-1.0,-1.0,-1.0,-1.0,-1.0,-1.0,-1.0,-1.0,61.85
1998,Dindigul,78.89,27.12,148.14,5462.0,27.12,31.98,21.75,87.67,-1.0,-1.0,-1.0,-1.0,-1.0,-1.0,-1.0,-1.0,72.23
1998,Erode,67.27,57.96,272.6,4703.0,57.83,32.47,21.5,71.16,-1.0,-1.0,-1.0,-1.0,-1.0,-1.0,-1.0,-1.0,81.82
1998,Kancheepuram,89.54,149.88,522.55,3486.0,146.74,34.15,24.17,98.6,-1.0,-1.0,-1.0,-1.0,-1.0,-1.0,-1.0,-1.0,68.3
1998,Kanyakumari,93.09,32.0,152.8,4775.0,32.0,30.78,23.28,137.26,-1.0,-1.0,-1.0,-1.0,-1.0,-1.0,-1.0,-1.0,43.57
1998,Karur,77.83,16.25,67.34,4144.0,16.25,35.17,24.36,71.27,-1.0,-1.0,-1.0,-1.0,-1.0,-1.0,-1.0,-1.0,92.49
1998,Madurai,83.45,87.23,409.87,4699.0,87.23,34.31,24.18,87.4,-1.0,-1.0,-1.0,-1.0,-1.0,-1.0,-1.0,-1.0,77.64
1998,Nagapattinam,93.62,159.26,454.19,2852.0,145.37,33.38,24.85,124.04,-1.0,-1.0,-1.0,-1.0,-1.0,-1.0,-1.0,-1.0,66.28
1998,Namakkal,79.68,24.64,120.43,4888.0,24.6,34.05,22.87,80.57,-1.0,-1.0,-1.0,-1.0,-1.0,-1.0,-1.0,-1.0,81.31
1998,Perambular,93.19,51.4,139.1,2706.0,43.14,34.8,24.38,94.56,-1.0,-1.0,-1.0,-1.0,-1.0,-1.0,-1.0,-1.0,73.89
1998,Pudukkottai,93.74,99.01,312.65,3158.0,90.69,34.12,24.75,91.32,-1.0,-1.0,-1.0,-1.0,-1.0,-1.0,-1.0,-1.0,70.23
1998,Ramananthapuram,78.87,132.34,377.45,2852.0,59.24,34.15,25.79,76.66,-1.0,-1.0,-1.0,-1.0,-1.0,-1.0,-1.0,-1.0,90.38
1998,Salem,83.3,48.3,213.84,4427.0,47.57,33.42,22.08,90.07,-1.0,-1.0,-1.0,-1.0,-1.0,-1.0,-1.0,-1.0,71.27
1998,Sivagangai,93.9,96.88,298.59,3082.0,79.1,34.3,25.02,90.74,-1.0,-1.0,-1.0,-1.0,-1.0,-1.0,-1.0,-1.0,70.28
1998,Thanjavur,96.17,184.49,580.52,3147.0,184.36,33.72,24.6,99.38,-1.0,-1.0,-1.0,-1.0,-1.0,-1.0,-1.0,-1.0,62.44
1998,The Nilgiris,80.1,1.74,7.05,4052.0,0.03,24.83,14.88,166.66,-1.0,-1.0,-1.0,-1.0,-1.0,-1.0,-1.0,-1.0,36.07
1998,Theni,90.16,18.58,69.67,3750.0,18.58,31.04,21.52,105.38,-1.0,-1.0,-1.0,-1.0,-1.0,-1.0,-1.0,-1.0,49.77
1998,Thirunelveli,72.78,91.78,413.41,4504.0,91.78,33.09,24.48,103.38,-1.0,-1.0,-1.0,-1.0,-1.0,-1.0,-1.0,-1.0,80.84
1998,Thiruvallur,88.25,120.13,471.02,3921.0,106.54,34.35,23.95,91.74,-1.0,-1.0,-1.0,-1.0,-1.0,-1.0,-1.0,-1.0,67.78
1998,Thiruvarur,96.64,159.65,477.07,2988.0,159.65,33.46,24.81,113.52,-1.0,-1.0,-1.0,-1.0,-1.0,-1.0,-1.0,-1.0,61.89
1998,Thoothukudi,55.32,21.72,96.92,4462.0,21.66,34.71,25.7,70.17,-1.0,-1.0,-1.0,-1.0,-1.0,-1.0,-1.0,-1.0,113.43
1998,Tiruchirappalli,83.8,74.09,316.52,4272.0,73.43,34.51,23.93,81.26,-1.0,-1.0,-1.0,-1.0,-1.0,-1.0,-1.0,-1.0,81.38
1998,Tiruvannamalai,91.53,146.25,484.4,3312.0,146.25,33.84,23.12,93.98,-1.0,-1.0,-1.0,-1.0,-1.0,-1.0,-1.0,-1.0,61.42
1998,Vellore,86.16,77.13,295.87,3836.0,77.13,33.25,22.22,85.0,-1.0,-1.0,-1.0,-1.0,-1.0,-1.0,-1.0,-1.0,62.53
1998,Villupuram,92.31,174.83,639.74,3659.0,172.01,34.06,23.84,99.71,-1.0,-1.0,-1.0,-1.0,-1.0,-1.0,-1.0,-1.0,65.71
1998,Virudhunagar,80.9,37.07,155.04,4182.0,36.77,34.75,25.22,82.31,-1.0,-1.0,-1.0,-1.0,-1.0,-1.0,-1.0,-1.0,84.29
1999,Chennai,87.1,0.0,0.0,0.0,0.0,34.17,23.84,79.24,-1.0,-1.0,-1.0,-1.0,-1.0,-1.0,-1.0,-1.0,76.68
1999,Coimbatore,75.12,17.88,69.35,3879.0,17.88,30.33,20.26,90.25,-1.0,-1.0,-1.0,-1.0,-1.0,-1.0,-1.0,-1.0,58.44
1999,Cuddalore,86.51,113.84,439.85,3864.0,112.89,33.37,23.68,81.57,-1.0,-1.0,-1.0,-1.0,-1.0,-1.0,-1.0,-1.0,73.61
1999,Dharmapuri,73.6,54.88,200.57,3655.0,54.86,32.4,20.73,72.36,-1.0,-1.0,-1.0,-1.0,-1.0,-1.0,-1.0,-1.0,73.82
1999,Dindigul,65.0,28.34,136.86,4829.0,28.34,31.37,20.99,66.2,-1.0,-1.0,-1.0,-1.0,-1.0,-1.0,-1.0,-1.0,85.72
1999,Erode,54.79,60.33,278.08,4609.0,60.21,31.89,20.77,59.13,-1.0,-1.0,-1.0,-1.0,-1.0,-1.0,-1.0,-1.0,90.84
1999,Kancheepuram,87.77,144.9,482.6,3331.0,141.76,33.56,23.42,80.98,-1.0,-1.0,-1.0,-1.0,-1.0,-1.0,-1.0,-1.0,70.4
1999,Kanyakumari,94.14,31.48,149.48,4748.0,31.48,30.24,22.58,110.77,-1.0,-1.0,-1.0,-1.0,-1.0,-1.0,-1.0,-1.0,39.92
1999,Karur,53.53,19.48,66.07,3392.0,19.48,34.55,23.59,57.51,-1.0,-1.0,-1.0,-1.0,-1.0,-1.0,-1.0,-1.0,114.33
1999,Madurai,69.5,82.33,365.05,4434.0,82.33,33.7,23.42,67.93,-1.0,-1.0,-1.0,-1.0,-1.0,-1.0,-1.0,-1.0,92.72
1999,Nagapattinam,88.12,163.62,547.52,3346.0,149.14,32.77,24.08,90.42,-1.0,-1.0,-1.0,-1.0,-1.0,-1.0,-1.0,-1.0,74.01
1999,Namakkal,61.8,22.73,109.37,4812.0,22.73,33.46,22.12,64.52,-1.0,-1.0,-1.0,-1.0,-1.0,-1.0,-1.0,-1.0,96.58
1999,Perambular,76.0,52.45,181.34,3457.0,46.63,34.18,23.61,70.57,-1.0,-1.0,-1.0,-1.0,-1.0,-1.0,-1.0,-1.0,88.35
1999,Pudukkottai,71.27,99.11,355.51,3587.0,90.38,33.5,23.97,65.93,-1.0,-1.0,-1.0,-1.0,-1.0,-1.0,-1.0,-1.0,91.9
1999,Ramananthapuram,66.07,129.88,85.2,656.0,53.64,33.55,25.04,59.44,-1.0,-1.0,-1.0,-1.0,-1.0,-1.0,-1.0,-1.0,102.87
1999,Salem,72.09,47.05,199.43,4239.0,46.68,32.83,21.33,71.81,-1.0,-1.0,-1.0,-1.0,-1.0,-1.0,-1.0,-1.0,80.07
1999,Sivagangai,69.83,88.08,168.86,1917.0,71.59,33.67,24.23,65.83,-1.0,-1.0,-1.0,-1.0,-1.0,-1.0,-1.0,-1.0,94.28
1999,Thanjavur,81.69,188.91,654.2,3463.0,188.91,33.1,23.83,71.45,-1.0,-1.0,-1.0,-1.0,-1.0,-1.0,-1.0,-1.0,77.28
1999,The Nilgiris,78.34,1.95,7.98,4092.0,0.04,24.29,14.18,116.36,-1.0,-1.0,-1.0,-1.0,-1.0,-1.0,-1.0,-1.0,33.88
1999,Theni,80.0,18.48,73.09,3955.0,18.48,30.46,20.78,81.29,-1.0,-1.0,-1.0,-1.0,-1.0,-1.0,-1.0,-1.0,59.83
1999,Thirunelveli,76.32,86.32,390.67,4526.0,86.32,32.52,23.76,84.71,-1.0,-1.0,-1.0,-1.0,-1.0,-1.0,-1.0,-1.0,77.24
1999,Thiruvallur,84.15,110.97,433.65,3908.0,96.51,33.8,23.24,75.66,-1.0,-1.0,-1.0,-1.0,-1.0,-1.0,-1.0,-1.0,70.97
1999,Thiruvarur,89.5,163.6,490.8,3000.0,163.6,32.85,24.04,82.1,-1.0,-1.0,-1.0,-1.0,-1.0,-1.0,-1.0,-1.0,71.42
1999,Thoothukudi,58.58,17.6,79.06,4492.0,17.6,34.13,24.96,57.77,-1.0,-1.0,-1.0,-1.0,-1.0,-1.0,-1.0,-1.0,110.54
1999,Tiruchirappalli,62.22,80.91,354.67,4384.0,80.19,33.88,23.15,63.1,-1.0,-1.0,-1.0,-1.0,-1.0,-1.0,-1.0,-1.0,100.09
1999,Tiruvannamalai,82.8,97.39,303.01,3111.0,97.39,33.24,22.37,75.95,-1.0,-1.0,-1.0,-1.0,-1.0,-1.0,-1.0,-1.0,69.19
1999,Vellore,72.72,49.87,217.18,4355.0,49.87,32.66,21.48,69.52,-1.0,-1.0,-1.0,-1.0,-1.0,-1.0,-1.0,-1.0,74.72
1999,Villupuram,84.36,158.64,561.58,3540.0,154.97,33.46,23.08,77.14,-1.0,-1.0,-1.0,-1.0,-1.0,-1.0,-1.0,-1.0,72.94
1999,Virudhunagar,69.72,32.56,131.07,4025.0,32.53,34.15,24.47,66.62,-1.0,-1.0,-1.0,-1.0,-1.0,-1.0,-1.0,-1.0,96.43
2000,Chennai,83.83,0.0,0.0,0.0,0.0,33.87,24.21,87.12,-1.0,-1.0,-1.0,-1.0,-1.0,-1.0,-1.0,-1.0,75.94
2000,Coimbatore,77.72,14.11,50.03,3546.0,14.11,30.08,20.68,105.3,16700.0,15286.0,5537.0,5256.0,10189.0,12526.0,32426.0,33068.0,56.88
2000,Cuddalore,88.99,114.32,419.74,3672.0,113.58,33.14,24.12,102.88,13529.0,13542.0,4509.0,7178.0,4845.0,6319.0,22883.0,27039.0,68.7
2000,Dharmapuri,75.62,55.91,190.83,3413.0,55.9,32.11,21.1,83.9,8585.0,8707.0,4819.0,4262.0,3210.0,3638.0,16614.0,16607.0,71.57
2000,Dindigul,76.2,22.94,107.76,4697.0,22.94,31.16,21.44,82.81,6529.0,7387.0,3153.0,3580.0,2640.0,3830.0,12322.0,14797.0,71.54
2000,Erode,62.17,58.02,260.66,4493.0,57.89,31.62,21.17,64.73,15773.0,20959.0,5024.0,6382.0,6441.0,6981.0,27238.0,34322.0,82.84
2000,Kancheepuram,85.87,132.86,435.5,3278.0,129.42,33.3,23.82,90.78,9689.0,12275.0,2950.0,5270.0,2194.0,3980.0,14833.0,21525.0,68.68
2000,Kanyakumari,90.87,28.59,135.0,4722.0,28.59,30.11,23.11,105.1,3384.0,3444.0,1628.0,1569.0,1765.0,1957.0,6777.0,6970.0,44.82
2000,Karur,70.71,17.95,81.11,4519.0,17.95,34.33,24.03,70.02,3220.0,4842.0,1071.0,1476.0,753.0,1137.0,5044.0,7455.0,92.8
2000,Madurai,82.25,76.91,325.0,4226.0,76.91,33.52,23.91,87.21,8955.0,15419.0,3510.0,7468.0,4106.0,9387.0,16571.0,32274.0,76.04
2000,Nagapattinam,100.43,167.32,547.63,3273.0,153.63,32.57,24.54,111.12,7021.0,8203.0,2064.0,3053.0,1506.0,3742.0,10591.0,14998.0,57.0
2000,Namakkal,73.8,21.46,93.6,4362.0,21.46,33.19,22.52,77.54,3574.0,4946.0,1536.0,1939.0,2006.0,2367.0,7116.0,9252.0,81.32
2000,Perambular,82.43,54.61,174.82,3201.0,48.71,33.94,24.03,90.97,5661.0,5939.0,2349.0,1663.0,2015.0,1836.0,10025.0,9438.0,80.07
2000,Pudukkottai,81.92,94.79,323.09,3408.0,85.63,33.3,24.44,94.61,5267.0,14467.0,2384.0,3959.0,1811.0,4702.0,9462.0,23128.0,79.86
2000,Ramananthapuram,73.92,124.28,237.08,1908.0,50.97,33.39,25.55,75.12,1860.0,4797.0,665.0,1315.0,342.0,489.0,2867.0,6601.0,94.8
2000,Salem,76.91,45.96,201.22,4378.0,45.42,32.55,21.72,85.51,9610.0,14687.0,4435.0,5619.0,7376.0,5138.0,21421.0,25444.0,74.0
2000,Sivagangai,83.22,83.95,218.28,2600.0,68.18,33.52,24.74,96.17,2464.0,5143.0,662.0,1219.0,352.0,965.0,3478.0,7327.0,79.61
2000,Thanjavur,85.93,191.8,719.0,3749.0,191.52,32.88,24.28,96.7,15988.0,23804.0,4626.0,7722.0,3446.0,7420.0,24060.0,38946.0,70.99
2000,The Nilgiris,75.22,2.03,8.35,4113.0,0.04,24.0,14.56,135.85,2474.0,2789.0,709.0,841.0,1903.0,966.0,5086.0,4596.0,39.1
2000,Theni,88.41,18.21,80.82,4438.0,18.21,30.26,21.25,91.64,7572.0,7260.0,5295.0,2663.0,2215.0,2500.0,15082.0,12423.0,49.99
2000,Thirunelveli,78.04,76.29,338.96,4443.0,76.29,32.39,24.3,83.3,9653.0,13924.0,4068.0,4248.0,3367.0,5398.0,17088.0,23570.0,75.6
2000,Thiruvallur,80.25,93.06,329.3,3539.0,80.46,33.48,23.59,84.28,9572.0,10522.0,3783.0,3926.0,1123.0,2851.0,14478.0,17299.0,71.89
2000,Thiruvarur,94.91,174.26,661.46,3796.0,174.26,32.64,24.5,105.14,10909.0,14595.0,5007.0,5605.0,2377.0,5787.0,18293.0,25987.0,61.98
2000,Thoothukudi,56.45,15.62,67.97,4351.0,15.62,33.99,25.5,56.77,2567.0,4519.0,1239.0,908.0,574.0,948.0,4380.0,6375.0,111.89
2000,Tiruchirappalli,76.49,81.18,316.77,3902.0,80.25,33.65,23.59,80.7,12725.0,19458.0,5221.0,8064.0,5566.0,9569.0,23512.0,37091.0,82.76
2000,Tiruvannamalai,80.32,81.75,247.22,3024.0,81.75,32.95,22.75,91.01,8618.0,16576.0,3038.0,6366.0,2187.0,4604.0,13843.0,27546.0,70.55
2000,Vellore,73.45,52.33,211.44,4041.0,52.33,32.35,21.84,81.87,10359.0,16543.0,3484.0,5430.0,3676.0,5170.0,17519.0,27143.0,73.39
2000,Villupuram,83.15,153.51,510.62,3326.0,149.45,33.19,23.48,94.16,14753.0,21666.0,5084.0,10426.0,5125.0,8396.0,24962.0,40488.0,72.4
2000,Virudhunagar,80.36,26.01,73.06,2809.0,26.01,33.99,24.98,76.36,3245.0,5209.0,1493.0,1196.0,833.0,1346.0,5571.0,7751.0,83.19
2001,Chennai,73.88,0.0,0.0,0.0,0.0,34.0,24.35,106.92,-1.0,-1.0,-1.0,-1.0,-1.0,-1.0,-1.0,-1.0,89.69
2001,Coimbatore,75.96,10.55,37.2,3526.0,10.55,29.95,20.55,96.53,12148.0,14060.0,4847.0,5883.0,12740.0,11203.0,29735.0,31146.0,52.44
2001,Cuddalore,88.86,108.38,402.81,3717.0,108.07,33.23,24.2,91.87,11285.0,16794.0,4170.0,5771.0,4045.0,5280.0,19500.0,27845.0,69.64
2001,Dharmapuri,69.81,54.33,189.51,3488.0,54.32,32.34,21.34,67.13,4638.0,9392.0,3271.0,4582.0,3945.0,3592.0,11854.0,17566.0,76.12
2001,Dindigul,66.33,16.11,76.33,4738.0,16.11,31.11,21.4,69.15,4063.0,7344.0,2183.0,3162.0,2116.0,2950.0,8362.0,13456.0,78.01
2001,Erode,52.0,50.47,233.91,4635.0,50.35,31.67,21.22,54.48,14845.0,17929.0,6821.0,7123.0,6308.0,6266.0,27974.0,31318.0,88.61
2001,Kancheepuram,77.04,135.16,478.94,3544.0,132.52,33.45,23.98,98.9,4962.0,15290.0,1675.0,6354.0,1341.0,5210.0,7978.0,26854.0,81.49
2001,Kanyakumari,97.13,28.23,121.39,4300.0,28.23,29.75,22.76,120.75,2796.0,3690.0,1612.0,2310.0,1830.0,2374.0,6238.0,8374.0,31.88
2001,Karur,54.91,15.54,56.12,3611.0,15.54,34.42,24.12,57.91,2548.0,2766.0,1069.0,1012.0,1233.0,1842.0,4850.0,5620.0,107.73
2001,Madurai,73.68,68.13,271.59,3986.0,68.13,33.43,23.83,73.07,6053.0,12711.0,2979.0,4466.0,3296.0,6270.0,12328.0,23447.0,80.65
2001,Nagapattinam,89.87,168.27,427.5,2541.0,152.78,32.51,24.49,102.29,7431.0,8264.0,2875.0,2799.0,2009.0,3573.0,12315.0,14636.0,67.54
2001,Namakkal,61.01,21.36,97.61,4570.0,21.36,33.34,22.67,62.53,2740.0,5150.0,1515.0,2627.0,2758.0,2085.0,7013.0,9862.0,92.98
2001,Perambular,76.49,48.73,118.71,2436.0,42.85,34.1,24.19,74.36,3079.0,5375.0,1836.0,2570.0,1914.0,2640.0,6829.0,10585.0,87.41
2001,Pudukkottai,80.04,83.5,220.6,2642.0,77.39,33.42,24.56,73.29,5383.0,13401.0,1896.0,4260.0,1573.0,3896.0,8852.0,21557.0,81.6
2001,Ramananthapuram,61.32,124.52,169.9,1364.0,54.01,33.3,25.46,62.67,1415.0,6307.0,619.0,1818.0,203.0,555.0,2237.0,8680.0,105.07
2001,Salem,69.42,46.23,204.3,4419.0,45.34,32.74,21.91,68.68,8589.0,14429.0,3972.0,5730.0,7217.0,5443.0,19778.0,25602.0,80.0
2001,Sivagangai,82.13,77.25,159.61,2066.0,59.68,33.56,24.79,74.24,2067.0,5295.0,582.0,1431.0,446.0,926.0,3095.0,7652.0,78.47
2001,Thanjavur,81.11,192.16,561.65,2923.0,192.16,32.94,24.33,79.3,16428.0,21634.0,6181.0,7596.0,4161.0,7452.0,26770.0,36682.0,76.36
2001,The Nilgiris,78.23,2.15,8.44,3926.0,0.12,23.9,14.46,120.93,4180.0,1849.0,883.0,858.0,3244.0,1770.0,8307.0,4477.0,31.34
2001,Theni,77.63,17.42,77.88,4471.0,17.42,30.05,21.04,87.25,5827.0,6147.0,2489.0,2853.0,2464.0,2766.0,10780.0,11766.0,55.59
2001,Thirunelveli,73.82,71.98,290.13,4031.0,71.98,32.07,23.97,85.56,7320.0,12425.0,3759.0,5106.0,4013.0,5616.0,15092.0,23147.0,72.91
2001,Thiruvallur,71.86,94.42,321.61,3406.0,82.56,33.69,23.8,95.56,7912.0,13676.0,3035.0,5325.0,1875.0,3841.0,12822.0,22842.0,85.04
2001,Thiruvarur,87.25,174.72,460.11,2633.0,174.72,32.62,24.47,91.94,11129.0,11649.0,4835.0,4084.0,2298.0,4239.0,18262.0,19972.0,69.84
2001,Thoothukudi,50.13,10.2,42.78,4194.0,10.2,33.71,25.21,52.88,1180.0,2217.0,578.0,798.0,416.0,766.0,2174.0,3781.0,111.57
2001,Tiruchirappalli,64.52,72.32,296.51,4100.0,71.56,33.81,23.75,65.45,11513.0,22287.0,4832.0,8548.0,9001.0,16208.0,25346.0,47043.0,95.36
2001,Tiruvannamalai,79.84,122.69,370.96,3024.0,122.69,33.23,23.03,82.5,5920.0,17385.0,3213.0,7038.0,2394.0,6160.0,11527.0,30583.0,73.53
2001,Vellore,69.86,60.11,234.13,3895.0,60.11,32.67,22.15,74.17,8616.0,18997.0,3127.0,7442.0,3465.0,9775.0,15208.0,36214.0,79.21
2001,Villupuram,82.8,155.56,561.13,3607.0,151.01,33.39,23.68,85.48,11229.0,25367.0,5339.0,10318.0,5369.0,10884.0,21937.0,46569.0,74.93
2001,Virudhunagar,65.15,29.39,92.27,3140.0,29.34,33.81,24.8,68.94,2176.0,5688.0,1257.0,1821.0,787.0,1857.0,4220.0,9366.0,93.55
2002,Chennai,87.04,0.0,0.0,0.0,0.0,33.98,24.32,102.25,-1.0,-1.0,-1.0,-1.0,-1.0,-1.0,-1.0,-1.0,72.56
2002,Coimbatore,60.79,6.58,22.15,3366.0,6.58,30.25,20.85,81.2,8000.0,14256.0,3523.0,4469.0,8524.0,8906.0,20047.0,27631.0,73.08
2002,Cuddalore,80.66,102.34,281.71,2753.0,102.11,33.37,24.34,90.91,9942.0,14088.0,2983.0,3871.0,3923.0,5033.0,16848.0,22992.0,78.29
2002,Dharmapuri,59.65,30.15,77.6,2574.0,30.15,32.68,21.68,64.87,5126.0,5432.0,2450.0,1549.0,2301.0,1148.0,9877.0,8129.0,90.33
2002,Dindigul,50.76,15.37,52.71,3429.0,15.37,31.35,21.64,64.01,2708.0,8108.0,1415.0,2778.0,1254.0,2426.0,5377.0,13312.0,99.69
2002,Erode,43.85,16.69,74.47,4462.0,16.58,32.0,21.55,52.74,8426.0,15962.0,3754.0,6046.0,3356.0,3683.0,15536.0,25691.0,102.74
2002,Kancheepuram,86.38,97.42,278.09,2855.0,95.29,33.48,24.01,94.27,5508.0,10736.0,1913.0,4224.0,1545.0,5475.0,8966.0,20435.0,69.12
2002,Kanyakumari,73.4,26.05,98.47,3780.0,26.05,29.98,22.98,101.88,1995.0,3687.0,913.0,1878.0,1703.0,2151.0,4611.0,7716.0,58.64
2002,Karur,45.89,12.84,37.51,2921.0,12.84,34.66,24.36,55.17,1506.0,3553.0,469.0,1261.0,817.0,1073.0,2792.0,5887.0,122.53
2002,Madurai,52.04,43.96,112.17,2552.0,43.96,33.63,24.02,68.51,5552.0,11751.0,4525.0,3681.0,4273.0,7100.0,14350.0,22532.0,108.9
2002,Nagapattinam,83.07,137.72,159.45,1158.0,123.97,32.62,24.59,106.85,5915.0,9537.0,2006.0,1951.0,1837.0,2792.0,9758.0,14280.0,75.13
2002,Namakkal,52.2,9.44,34.97,3704.0,9.44,33.62,22.95,59.88,2443.0,3740.0,855.0,1665.0,1137.0,936.0,4435.0,6341.0,107.56
2002,Perambular,62.07,35.88,60.51,1686.0,25.0,34.32,24.42,72.32,2964.0,4021.0,1233.0,1647.0,1049.0,1097.0,5246.0,6765.0,103.6
2002,Pudukkottai,55.95,76.44,158.38,2072.0,71.14,33.54,24.68,70.78,5687.0,16321.0,1313.0,6556.0,1774.0,4382.0,8774.0,27259.0,108.62
2002,Ramananthapuram,48.71,126.15,159.79,1267.0,53.29,33.41,25.56,68.8,1282.0,5616.0,877.0,1508.0,173.0,508.0,2332.0,7632.0,119.84
2002,Salem,58.63,11.06,39.59,3580.0,10.75,33.05,22.22,65.95,6152.0,11386.0,2542.0,3159.0,6324.0,4669.0,15018.0,19214.0,95.36
2002,Sivagangai,54.59,79.74,139.34,1747.0,63.5,33.66,24.89,71.7,1633.0,5287.0,662.0,1326.0,373.0,793.0,2668.0,7406.0,110.13
2002,Thanjavur,64.56,139.19,318.33,2287.0,139.05,33.07,24.46,78.92,10677.0,19626.0,3605.0,4577.0,3417.0,5412.0,17699.0,29615.0,94.66
2002,The Nilgiris,66.15,1.85,6.23,3368.0,0.01,24.24,14.8,105.88,2788.0,2503.0,1156.0,525.0,2434.0,1533.0,6378.0,4561.0,46.84
2002,Theni,58.8,13.78,54.95,3988.0,13.78,30.31,21.3,76.28,3686.0,5325.0,2011.0,2110.0,2393.0,3465.0,8090.0,10900.0,79.9
2002,Thirunelveli,56.67,66.21,266.29,4022.0,66.21,32.3,24.21,81.69,6190.0,16413.0,3314.0,5811.0,2191.0,5614.0,11695.0,27838.0,93.52
2002,Thiruvallur,83.26,87.76,279.52,3185.0,73.5,33.7,23.8,90.59,9791.0,11381.0,2821.0,4717.0,1576.0,3175.0,14188.0,19273.0,69.87
2002,Thiruvarur,77.16,131.06,112.18,856.0,131.06,32.73,24.59,94.08,4188.0,12029.0,2107.0,3478.0,1505.0,2909.0,7800.0,18416.0,81.17
2002,Thoothukudi,43.05,14.72,64.5,4382.0,14.72,33.9,25.4,62.03,901.0,2249.0,366.0,719.0,349.0,914.0,1616.0,3882.0,121.8
2002,Tiruchirappalli,52.12,51.75,154.95,2994.0,50.85,34.02,23.96,62.92,8922.0,17873.0,3248.0,6500.0,6479.0,11386.0,18649.0,35759.0,111.28
2002,Tiruvannamalai,73.87,43.87,115.45,2632.0,43.87,33.43,23.22,77.33,5347.0,9680.0,2380.0,3200.0,2173.0,2700.0,9900.0,15580.0,79.17
2002,Vellore,65.7,26.29,89.86,3418.0,26.29,32.88,22.37,67.87,8400.0,11675.0,2799.0,3691.0,3280.0,3247.0,14479.0,18613.0,83.13
2002,Villupuram,75.2,80.63,241.29,2993.0,78.35,33.56,23.85,81.76,8084.0,16316.0,3505.0,6287.0,4698.0,5476.0,16287.0,28079.0,82.23
2002,Virudhunagar,48.39,31.61,86.66,2742.0,31.56,34.02,25.0,67.55,2427.0,5597.0,1202.0,1746.0,1154.0,1879.0,4783.0,9222.0,116.04
2003,Chennai,83.68,0.0,0.0,0.0,0.0,34.04,24.39,72.11,-1.0,-1.0,-1.0,-1.0,-1.0,-1.0,-1.0,-1.0,75.79
2003,Coimbatore,69.62,3.65,10.64,2915.0,3.65,30.49,21.1,87.89,5846.0,13077.0,3683.0,3294.0,9960.0,8162.0,19489.0,24533.0,62.38
2003,Cuddalore,91.1,104.16,317.66,3050.0,103.98,33.37,24.35,85.82,8069.0,13833.0,3168.0,4641.0,4407.0,4941.0,15644.0,23415.0,63.49
2003,Dharmapuri,60.72,4.49,17.86,3978.0,4.37,32.82,21.81,61.29,3192.0,2970.0,1887.0,1470.0,1777.0,1431.0,6856.0,5871.0,85.97
2003,Dindigul,68.61,11.44,32.38,2830.0,11.44,31.6,21.88,68.33,2066.0,8242.0,1442.0,3140.0,1973.0,2279.0,5481.0,13661.0,77.85
2003,Erode,46.81,1.94,7.96,4103.0,16.58,32.21,21.76,48.74,5903.0,11598.0,4322.0,6632.0,4209.0,4053.0,14434.0,22283.0,97.28
2003,Kancheepuram,85.84,97.12,295.64,3044.0,94.57,33.59,24.12,75.81,4389.0,11533.0,2102.0,4497.0,2384.0,5858.0,8875.0,21888.0,69.42
2003,Kanyakumari,87.68,17.32,52.9,3054.0,17.32,30.13,23.13,112.28,1580.0,3193.0,1279.0,1484.0,1839.0,2382.0,4698.0,7059.0,43.21
2003,Karur,60.53,9.32,24.07,2583.0,9.32,34.83,24.53,58.17,829.0,2227.0,347.0,933.0,589.0,842.0,1765.0,4002.0,102.41
2003,Krishnagiri,52.16,11.51,20.95,1820.0,11.36,31.8,20.71,54.1,-1.0,-1.0,-1.0,-1.0,-1.0,-1.0,-1.0,-1.0,88.29
2003,Madurai,79.16,23.93,65.02,2717.0,23.93,33.87,24.27,77.3,3792.0,9500.0,2036.0,3743.0,3599.0,4080.0,9427.0,17323.0,78.25
2003,Nagapattinam,97.94,136.04,259.87,1910.0,118.69,32.6,24.57,99.29,5222.0,9819.0,1825.0,2611.0,1683.0,2877.0,8730.0,15307.0,55.88
2003,Namakkal,61.83,7.48,24.36,3257.0,7.48,33.76,23.09,61.89,795.0,2683.0,444.0,1347.0,688.0,720.0,1927.0,4750.0,92.82
2003,Perambular,80.14,36.38,85.91,2361.0,26.77,34.36,24.45,76.43,2234.0,4463.0,1707.0,1882.0,1215.0,951.0,5156.0,7296.0,79.3
2003,Pudukkottai,87.7,79.77,146.6,1838.0,68.95,33.66,24.81,85.82,5470.0,15467.0,3402.0,7663.0,3755.0,4865.0,12627.0,27995.0,70.26
2003,Ramananthapuram,79.57,121.03,20.77,172.0,54.04,33.6,25.75,75.01,1008.0,5071.0,641.0,1748.0,359.0,431.0,2008.0,7250.0,84.15
2003,Salem,65.25,13.59,43.65,3212.0,13.36,33.18,22.35,65.8,6810.0,10919.0,3234.0,5128.0,7092.0,8206.0,17136.0,24253.0,84.65
2003,Sivagangai,90.52,71.96,49.83,692.0,55.94,33.85,25.08,88.56,1430.0,3510.0,528.0,830.0,525.0,511.0,2483.0,4851.0,68.33
2003,Thanjavur,91.13,123.29,354.94,2879.0,123.25,33.13,24.52,87.14,7597.0,18862.0,2033.0,4946.0,3100.0,5284.0,12730.0,29092.0,61.5
2003,The Nilgiris,70.7,1.64,5.41,3299.0,0.01,24.48,15.04,109.78,2832.0,1852.0,890.0,560.0,2267.0,1563.0,5989.0,3975.0,42.13
2003,Theni,82.26,14.23,55.23,3881.0,14.23,30.58,21.57,83.96,3226.0,7060.0,1695.0,3182.0,2517.0,3047.0,7438.0,13289.0,53.87
2003,Thirunelveli,74.65,52.47,197.85,3771.0,52.47,32.48,24.39,88.66,4184.0,13263.0,2824.0,4470.0,2537.0,4783.0,9545.0,22516.0,74.35
2003,Thiruvallur,79.31,74.94,195.54,2609.0,67.05,33.84,23.94,68.7,5448.0,9562.0,2906.0,3819.0,1963.0,2441.0,10317.0,15822.0,73.72
2003,Thiruvarur,99.34,121.44,169.43,1395.0,121.44,32.76,24.61,95.27,3980.0,11409.0,1463.0,3177.0,927.0,2487.0,6370.0,17073.0,53.47
2003,Thoothukudi,55.88,13.54,56.89,4202.0,13.54,34.09,25.6,61.22,497.0,4193.0,348.0,1263.0,416.0,1138.0,1261.0,6594.0,108.03
2003,Tiruchirappalli,71.54,42.93,126.08,2937.0,42.51,34.14,24.08,68.8,7645.0,18441.0,2532.0,8220.0,6296.0,9993.0,16473.0,36654.0,85.96
2003,Tiruvannamalai,74.81,70.72,198.45,2806.0,70.72,33.54,23.33,71.55,4890.0,12072.0,2700.0,4344.0,2291.0,3052.0,9881.0,19468.0,75.71
2003,Vellore,63.78,30.91,108.17,3500.0,30.91,33.05,22.54,62.89,7328.0,13058.0,2969.0,5046.0,3711.0,3267.0,14008.0,21371.0,82.95
2003,Villupuram,81.94,75.28,234.75,3118.0,74.88,33.62,23.92,75.72,9458.0,19645.0,4249.0,9955.0,4542.0,6995.0,18249.0,36595.0,71.86
2003,Virudhunagar,76.93,24.14,43.98,1822.0,24.11,34.25,25.23,73.55,1256.0,4052.0,752.0,1134.0,752.0,1969.0,2760.0,7155.0,84.09
2004,Chennai,71.54,0.0,0.0,0.0,0.0,33.62,23.96,95.17,-1.0,-1.0,-1.0,-1.0,-1.0,-1.0,-1.0,-1.0,81.35
2004,Coimbatore,74.0,7.24,24.45,3377.0,7.24,29.98,20.58,99.42,7777.0,15983.0,3001.0,3940.0,8869.0,12931.0,19647.0,32854.0,54.05
2004,Cuddalore,87.61,114.6,315.7,2755.0,114.4,32.88,23.85,106.6,8648.0,17136.0,4379.0,5461.0,5284.0,7476.0,18311.0,30073.0,63.01
2004,Dharmapuri,77.46,13.92,38.57,2771.0,13.81,32.03,21.03,87.42,1901.0,3585.0,1303.0,1606.0,1494.0,2070.0,4698.0,7261.0,62.54
2004,Dindigul,69.5,21.03,74.25,3531.0,21.03,31.01,21.29,81.9,5065.0,9945.0,2641.0,3519.0,2391.0,3325.0,10097.0,16789.0,72.95
2004,Erode,59.8,55.35,216.25,3907.0,55.24,31.49,21.04,63.15,7736.0,14390.0,6753.0,8021.0,4385.0,6280.0,18874.0,28691.0,77.18
2004,Kancheepuram,75.59,101.67,307.11,3021.0,97.3,33.07,23.6,96.15,7117.0,14218.0,4051.0,5207.0,6383.0,9218.0,17551.0,28643.0,72.91
2004,Kanyakumari,92.3,22.02,86.49,3928.0,22.02,29.93,22.94,121.7,2054.0,3762.0,1312.0,1744.0,2524.0,3542.0,5890.0,9048.0,41.25
2004,Karur,64.43,18.23,54.28,2978.0,18.23,34.14,23.84,71.78,1336.0,2657.0,764.0,1020.0,916.0,1328.0,3016.0,5005.0,93.29
2004,Krishnagiri,71.99,17.62,45.25,2568.0,17.43,30.99,19.9,78.58,-1.0,-1.0,-1.0,-1.0,-1.0,-1.0,-1.0,-1.0,62.98
2004,Madurai,75.96,60.37,196.58,3256.0,60.37,33.36,23.75,89.28,5860.0,11489.0,3157.0,4321.0,4413.0,6326.0,13430.0,22136.0,77.92
2004,Nagapattinam,95.09,153.14,140.66,919.0,136.48,32.27,24.25,115.79,5979.0,12253.0,2590.0,3124.0,3126.0,4516.0,11695.0,19893.0,58.01
2004,Namakkal,71.54,9.04,28.79,3185.0,9.04,33.0,22.33,79.7,1718.0,3080.0,1065.0,1432.0,709.0,887.0,3492.0,5399.0,77.24
2004,Perambular,81.87,46.43,108.51,2337.0,37.7,33.7,23.79,96.88,2848.0,5373.0,1706.0,2153.0,968.0,1278.0,5522.0,8804.0,72.23
2004,Pudukkottai,81.36,94.03,277.28,2949.0,85.85,33.1,24.24,101.03,9838.0,18936.0,7173.0,9042.0,5291.0,7664.0,22302.0,35642.0,73.66
2004,Ramananthapuram,75.17,126.61,254.7,2012.0,55.62,33.2,25.36,82.35,3150.0,6238.0,1603.0,2056.0,439.0,577.0,5192.0,8871.0,89.68
2004,Salem,77.16,27.3,96.63,3540.0,26.88,32.41,21.58,88.66,6980.0,13280.0,4807.0,6074.0,8875.0,12711.0,20662.0,32065.0,66.48
2004,Sivagangai,83.22,85.14,179.54,2109.0,68.68,33.32,24.55,102.29,2105.0,4370.0,786.0,980.0,552.0,789.0,3443.0,6139.0,72.9
2004,Thanjavur,85.82,160.61,439.32,2735.0,160.61,32.64,24.03,100.04,11241.0,23104.0,4123.0,5742.0,5768.0,8300.0,21132.0,37146.0,65.22
2004,The Nilgiris,74.45,1.44,4.76,3306.0,0.01,23.94,14.51,130.98,1114.0,2177.0,498.0,623.0,1700.0,2460.0,3312.0,5260.0,35.61
2004,Theni,80.43,16.64,67.09,4032.0,16.64,30.14,21.13,90.66,4400.0,8458.0,2710.0,3643.0,3257.0,4654.0,10367.0,16755.0,53.67
2004,Thirunelveli,75.23,86.83,358.92,4134.0,86.83,32.24,24.14,84.29,8228.0,16379.0,4383.0,5248.0,5159.0,7368.0,17770.0,28995.0,74.63
2004,Thiruvallur,72.15,66.73,199.89,2996.0,58.28,33.3,23.41,90.96,6021.0,11550.0,3147.0,4307.0,2533.0,3491.0,11701.0,19348.0,73.74
2004,Thiruvarur,92.99,148.61,239.81,1614.0,148.61,32.37,24.23,108.22,6921.0,14190.0,3045.0,3771.0,2696.0,3884.0,12662.0,21845.0,59.14
2004,Thoothukudi,56.18,16.42,67.93,4137.0,16.42,33.82,25.33,57.64,2524.0,5033.0,1038.0,1428.0,1221.0,1740.0,4783.0,8201.0,108.69
2004,Tiruchirappalli,72.2,62.18,205.4,3303.0,61.52,33.45,23.38,86.65,11718.0,22480.0,7927.0,9880.0,10831.0,15567.0,30476.0,47927.0,80.95
2004,Tiruvannamalai,80.38,116.82,330.49,2829.0,116.66,32.84,22.64,95.18,7553.0,14827.0,4165.0,5151.0,3278.0,4571.0,14996.0,24549.0,62.38
2004,Vellore,74.58,29.4,90.15,3066.0,29.31,32.31,21.8,86.85,7966.0,15783.0,4305.0,5628.0,3486.0,4904.0,15757.0,26315.0,65.65
2004,Villupuram,80.31,163.7,525.85,3212.0,161.03,33.0,23.3,97.9,12699.0,24079.0,9452.0,11885.0,7597.0,10808.0,29748.0,46772.0,67.21
2004,Virudhunagar,74.15,29.71,86.99,2928.0,28.91,33.84,24.83,77.07,2489.0,4988.0,1102.0,1325.0,2125.0,3046.0,5716.0,9359.0,85.6
2005,Chennai,80.88,0.0,0.0,0.0,0.0,33.7,24.04,171.52,-1.0,-1.0,-1.0,-1.0,-1.0,-1.0,-1.0,-1.0,78.39
2005,Coimbatore,71.47,7.41,20.67,2789.0,7.41,30.15,20.75,91.84,10999.0,16713.0,3734.0,4448.0,10021.0,14167.0,24754.0,35328.0,58.99
2005,Cuddalore,84.74,114.29,218.35,1910.0,113.53,33.09,24.06,127.72,11634.0,18028.0,5261.0,6377.0,5762.0,8299.0,22657.0,32704.0,70.37
2005,Dharmapuri,79.85,29.02,85.39,2942.0,28.82,32.18,21.18,92.76,2498.0,3843.0,1667.0,1930.0,1821.0,2263.0,5986.0,8036.0,64.04
2005,Dindigul,63.18,23.74,75.3,3172.0,23.74,31.21,21.5,68.97,6932.0,10444.0,3560.0,3997.0,2658.0,3633.0,13150.0,18074.0,81.06
2005,Erode,57.21,43.54,179.56,4124.0,43.42,31.7,21.24,61.08,9755.0,15702.0,7520.0,10154.0,4727.0,6936.0,22002.0,32792.0,84.02
2005,Kancheepuram,82.97,114.72,293.88,2562.0,110.6,33.17,23.7,154.13,9700.0,14878.0,5099.0,6357.0,6826.0,10232.0,21625.0,31467.0,71.14
2005,Kanyakumari,87.64,21.71,82.52,3801.0,21.71,30.08,23.09,120.76,2686.0,3939.0,1682.0,1859.0,2776.0,3858.0,7144.0,9656.0,46.21
2005,Karur,59.12,18.4,48.23,2621.0,18.4,34.37,24.07,61.4,1873.0,2813.0,1058.0,1224.0,980.0,1464.0,3911.0,5501.0,101.05
2005,Krishnagiri,74.2,21.98,57.8,2630.0,21.93,31.13,20.04,86.97,-1.0,-1.0,-1.0,-1.0,-1.0,-1.0,-1.0,-1.0,63.42
2005,Madurai,67.11,71.0,234.49,3303.0,71.0,33.57,23.96,70.92,7990.0,11952.0,4244.0,4917.0,4857.0,7016.0,17091.0,23885.0,86.76
2005,Nagapattinam,83.94,158.1,136.64,864.0,143.27,32.55,24.53,134.35,8259.0,13146.0,2961.0,3899.0,3356.0,4991.0,14576.0,22036.0,72.34
2005,Namakkal,65.65,18.83,68.85,3656.0,18.83,33.23,22.56,73.27,2257.0,3193.0,1527.0,1551.0,840.0,933.0,4624.0,5677.0,86.78
2005,Perambular,78.51,45.95,114.56,2493.0,37.42,33.93,24.03,92.63,3754.0,5604.0,2134.0,2493.0,1109.0,1361.0,6997.0,9458.0,81.83
2005,Pudukkottai,76.19,95.99,232.57,2423.0,89.22,33.34,24.48,75.97,13009.0,20531.0,8689.0,11085.0,5674.0,8524.0,27372.0,40140.0,82.21
2005,Ramananthapuram,62.39,127.4,247.08,1939.0,53.84,33.45,25.61,68.04,4265.0,6630.0,1982.0,2423.0,503.0,608.0,6750.0,9661.0,103.7
2005,Salem,74.36,37.33,137.29,3678.0,36.47,32.61,21.77,87.66,9184.0,14274.0,5814.0,7284.0,9666.0,14162.0,24664.0,35720.0,73.45
2005,Sivagangai,77.18,89.92,192.74,2143.0,71.92,33.54,24.78,71.67,2952.0,4616.0,941.0,1202.0,596.0,868.0,4489.0,6686.0,81.05
2005,Thanjavur,78.99,154.9,399.48,2579.0,154.9,32.9,24.29,92.74,15864.0,24389.0,5608.0,6563.0,6162.0,9269.0,27634.0,40221.0,75.37
2005,The Nilgiris,73.6,1.43,4.72,3301.0,0.0,24.1,14.66,126.23,1558.0,2266.0,635.0,711.0,1823.0,2720.0,4016.0,5697.0,38.35
2005,Theni,73.03,15.69,65.29,4161.0,15.69,30.31,21.3,84.83,5938.0,8873.0,3608.0,4138.0,3554.0,5127.0,13100.0,18138.0,61.85
2005,Thirunelveli,66.67,86.4,309.07,3577.0,86.4,32.4,24.31,93.47,11155.0,17588.0,5069.0,6573.0,5578.0,8147.0,21802.0,32308.0,83.21
2005,Thiruvallur,82.5,96.99,271.58,2800.0,86.3,33.4,23.5,150.66,8042.0,11744.0,4331.0,4545.0,2847.0,3806.0,15220.0,20095.0,69.85
2005,Thiruvarur,83.86,156.1,243.45,1560.0,156.1,32.65,24.51,113.43,9595.0,15245.0,3603.0,4704.0,2901.0,4343.0,16099.0,24292.0,71.03
2005,Thoothukudi,47.96,19.93,81.82,4105.0,19.93,34.03,25.54,66.11,3527.0,5256.0,1432.0,1604.0,1327.0,1912.0,6286.0,8772.0,117.14
2005,Tiruchirappalli,67.4,79.58,236.74,2975.0,78.96,33.68,23.62,72.98,15510.0,23897.0,9320.0,11931.0,11654.0,17278.0,36484.0,53106.0,89.69
2005,Tiruvannamalai,86.72,142.74,393.53,2757.0,142.55,32.95,22.75,122.66,10153.0,15897.0,4926.0,6387.0,3559.0,5134.0,18638.0,27418.0,62.02
2005,Vellore,81.22,58.16,167.45,2879.0,58.15,32.41,21.9,110.6,10982.0,16727.0,5722.0,6782.0,3816.0,5427.0,20520.0,28936.0,63.98
2005,Villupuram,84.42,168.44,511.93,3039.0,165.59,33.16,23.45,122.98,16522.0,25786.0,11287.0,14676.0,8158.0,12173.0,35967.0,52635.0,68.81
2005,Virudhunagar,62.45,30.78,98.48,3199.0,30.43,34.04,25.03,70.99,3408.0,5270.0,1286.0,1602.0,2296.0,3355.0,6990.0,10227.0,97.54
2006,Chennai,87.99,0.0,0.0,0.0,0.0,33.69,24.03,116.29,-1.0,-1.0,-1.0,-1.0,-1.0,-1.0,-1.0,-1.0,67.41
2006,Coimbatore,73.59,6.22,24.01,3860.0,6.22,29.89,20.49,97.49,13188.0,14923.0,4460.0,7211.0,8222.0,13745.0,25870.0,35879.0,53.99
2006,Cuddalore,87.24,105.44,392.38,3721.0,105.14,33.01,23.98,95.0,14439.0,13690.0,5779.0,5943.0,4763.0,5265.0,24981.0,24898.0,64.15
2006,Dharmapuri,73.84,21.06,76.07,3612.0,20.81,32.29,21.29,67.57,2925.0,2552.0,1722.0,1473.0,1217.0,2551.0,5864.0,6576.0,66.27
2006,Dindigul,65.41,18.61,81.25,4366.0,18.61,30.91,21.2,75.07,8405.0,9411.0,3897.0,3586.0,2041.0,3650.0,14343.0,16647.0,74.87
2006,Erode,53.61,38.55,161.6,4192.0,38.42,31.57,21.12,56.03,14021.0,22630.0,10556.0,11033.0,4042.0,14845.0,28619.0,48508.0,83.72
2006,Kancheepuram,88.36,103.11,395.13,3832.0,100.96,33.18,23.71,104.3,11478.0,11477.0,5853.0,5900.0,6034.0,3420.0,23365.0,20797.0,62.54
2006,Kanyakumari,89.79,21.41,94.13,4397.0,21.41,29.56,22.57,133.28,3150.0,2415.0,1470.0,1361.0,2086.0,1822.0,6706.0,5598.0,35.69
2006,Karur,57.02,13.75,48.27,3511.0,13.75,34.2,23.9,61.6,2180.0,3283.0,1002.0,1419.0,826.0,1606.0,4008.0,6308.0,100.17
2006,Krishnagiri,61.54,17.89,51.04,2853.0,17.81,31.26,20.17,57.97,5958.0,2210.0,2530.0,1251.0,3277.0,481.0,11765.0,3942.0,72.48
2006,Madurai,73.4,67.23,267.52,3979.0,67.23,33.22,23.61,85.79,9543.0,14277.0,4790.0,5626.0,3986.0,6628.0,18319.0,26531.0,75.36
2006,Nagapattinam,88.06,165.71,630.61,3806.0,150.86,32.34,24.31,111.18,10487.0,4813.0,3701.0,1566.0,2779.0,2335.0,16967.0,8714.0,63.46
2006,Namakkal,63.8,15.22,57.68,3790.0,15.22,33.14,22.47,65.11,2505.0,2563.0,1287.0,1226.0,429.0,960.0,4221.0,4749.0,85.46
2006,Perambular,81.3,41.93,131.98,3148.0,34.26,33.87,23.97,79.17,4761.0,6264.0,2379.0,1998.0,769.0,2491.0,7909.0,10753.0,74.42
2006,Pudukkottai,74.42,93.37,283.99,3042.0,85.23,33.18,24.33,81.17,16892.0,13948.0,10390.0,7892.0,4798.0,11045.0,32080.0,32885.0,79.79
2006,Ramananthapuram,68.6,130.42,223.19,1711.0,55.44,33.12,25.28,81.86,5278.0,5269.0,2280.0,1588.0,281.0,827.0,7839.0,7684.0,90.08
2006,Salem,71.67,27.48,99.81,3632.0,27.08,32.61,21.78,70.84,11312.0,20290.0,6787.0,10551.0,8116.0,12219.0,26215.0,43060.0,72.62
2006,Sivagangai,72.89,81.39,109.45,1345.0,63.68,33.32,24.55,85.11,3721.0,6034.0,1175.0,1661.0,479.0,970.0,5375.0,8665.0,81.02
2006,Thanjavur,85.29,164.24,598.16,3642.0,164.24,32.74,24.13,87.32,19776.0,14283.0,6420.0,2678.0,5625.0,9655.0,31821.0,26616.0,64.05
2006,The Nilgiris,74.64,1.25,4.0,3200.0,0.0,23.91,14.47,135.86,1786.0,1414.0,679.0,861.0,1531.0,2753.0,3996.0,5028.0,35.2
2006,Theni,79.98,14.92,64.21,4304.0,14.92,29.89,20.88,97.23,7354.0,4563.0,3822.0,2005.0,2868.0,1839.0,14044.0,8407.0,49.22
2006,Thirunelveli,76.51,91.88,385.28,4193.0,91.88,31.86,23.76,106.49,13845.0,15476.0,6119.0,6218.0,4621.0,8259.0,24585.0,29953.0,62.56
2006,Thiruvallur,88.91,89.67,318.47,3552.0,85.68,33.44,23.55,106.25,9701.0,10031.0,4552.0,3936.0,2240.0,2077.0,16493.0,16044.0,60.04
2006,Thiruvarur,89.93,176.9,586.38,3315.0,176.9,32.45,24.3,100.7,12156.0,9202.0,4568.0,4215.0,2543.0,6007.0,19267.0,19424.0,60.24
2006,Thoothukudi,55.62,21.38,94.0,4397.0,21.38,33.52,25.02,74.59,4232.0,6899.0,1504.0,2033.0,1048.0,2092.0,6784.0,11024.0,98.51
2006,Tiruchirappalli,67.72,71.72,282.44,3938.0,71.14,33.57,23.51,70.75,19696.0,27324.0,11134.0,13943.0,10067.0,27900.0,40897.0,69167.0,85.39
2006,Tiruvannamalai,87.41,111.46,366.05,3284.0,111.31,33.1,22.89,85.54,13135.0,16099.0,6415.0,6810.0,3357.0,5985.0,22907.0,28894.0,59.1
2006,Vellore,79.76,41.69,129.19,3099.0,41.64,32.59,22.08,75.77,13836.0,16091.0,6539.0,6972.0,3243.0,6033.0,23618.0,29096.0,62.86
2006,Villupuram,85.75,144.78,496.11,3427.0,142.26,33.2,23.49,87.5,21039.0,22052.0,14446.0,9245.0,7537.0,10655.0,43022.0,41952.0,64.63
2006,Virudhunagar,72.77,32.74,158.21,4832.0,32.19,33.61,24.59,86.78,4114.0,5787.0,1471.0,1725.0,1865.0,1544.0,7450.0,9056.0,79.13
2007,Chennai,97.47,0.0,0.0,0.0,0.0,33.58,23.92,101.28,-1.0,-1.0,-1.0,-1.0,-1.0,-1.0,-1.0,-1.0,55.99
2007,Coimbatore,79.58,6.48,24.46,3775.0,6.48,30.11,20.72,110.64,13345.0,16063.0,7468.0,5418.0,14984.0,10588.0,35797.0,32069.0,50.34
2007,Cuddalore,94.79,102.8,335.12,3260.0,102.8,33.01,23.98,99.88,9429.0,13255.0,5337.0,4221.0,4971.0,5715.0,19737.0,23191.0,54.18
2007,Dharmapuri,80.87,18.8,70.4,3745.0,18.54,32.24,21.24,87.32,2573.0,3213.0,1329.0,1104.0,2282.0,861.0,6184.0,5178.0,61.3
2007,Dindigul,71.7,17.28,67.84,3926.0,17.28,31.18,21.46,75.72,4360.0,9052.0,2976.0,2069.0,2909.0,6187.0,10245.0,17308.0,69.35
2007,Erode,67.09,38.36,166.86,4350.0,38.27,31.74,21.29,71.12,20549.0,22669.0,10626.0,6876.0,13739.0,12092.0,44914.0,41637.0,73.39
2007,Kancheepuram,96.37,91.36,345.13,3778.0,90.26,33.06,23.6,102.24,5381.0,14672.0,2832.0,13200.0,2491.0,15359.0,10704.0,43231.0,52.23
2007,Kanyakumari,89.92,20.35,90.21,4433.0,20.35,29.93,22.94,117.11,2060.0,1829.0,1405.0,636.0,2112.0,925.0,5577.0,3390.0,40.15
2007,Karur,65.9,12.43,40.28,3241.0,12.43,34.38,24.08,66.01,1949.0,4617.0,1145.0,1812.0,1236.0,1889.0,4330.0,8318.0,90.9
2007,Krishnagiri,74.06,14.98,47.67,3182.0,14.8,31.19,20.1,80.8,2129.0,1842.0,1307.0,639.0,458.0,439.0,3894.0,2920.0,62.35
2007,Madurai,76.56,61.86,214.88,3474.0,61.86,33.51,23.91,76.39,8809.0,15943.0,4431.0,5451.0,4009.0,7996.0,17249.0,29390.0,72.42
2007,Nagapattinam,91.5,154.04,289.32,1878.0,139.2,32.43,24.4,105.51,6300.0,5661.0,2602.0,1145.0,2172.0,3493.0,11074.0,10299.0,58.59
2007,Namakkal,73.79,12.21,45.3,3710.0,12.17,33.26,22.59,76.73,2156.0,2789.0,1214.0,1130.0,1254.0,506.0,4624.0,4425.0,75.74
2007,Perambular,87.51,38.12,95.43,2503.0,32.49,33.91,24.01,85.22,3824.0,5890.0,2463.0,2965.0,1642.0,1652.0,7929.0,10507.0,66.75
2007,Pudukkottai,86.33,88.67,159.55,1799.0,79.9,33.34,24.49,81.08,11957.0,17211.0,6218.0,4778.0,9800.0,6585.0,27975.0,28574.0,67.08
2007,Ramananthapuram,73.68,123.77,29.88,241.0,52.83,33.41,25.57,66.19,1091.0,4574.0,754.0,802.0,288.0,655.0,2133.0,6031.0,87.33
2007,Salem,81.71,21.71,72.08,3320.0,21.28,32.64,21.81,86.97,13768.0,20962.0,9232.0,9985.0,15199.0,11019.0,38199.0,41966.0,63.39
2007,Sivagangai,87.16,76.73,78.94,1029.0,58.61,33.56,24.79,79.73,2141.0,4029.0,1313.0,935.0,1238.0,1530.0,4692.0,6494.0,65.7
2007,Thanjavur,90.5,150.23,479.64,3193.0,150.23,32.85,24.25,86.33,13919.0,15638.0,6351.0,3067.0,9765.0,6122.0,30035.0,24827.0,58.07
2007,The Nilgiris,78.72,1.11,4.29,3865.0,0.01,24.08,14.64,155.19,2431.0,917.0,989.0,401.0,2247.0,1300.0,5667.0,2618.0,33.07
2007,Theni,83.88,14.4,61.66,4282.0,14.4,30.21,21.2,89.21,3250.0,5497.0,1976.0,1685.0,1517.0,1914.0,6743.0,9096.0,47.07
2007,Thirunelveli,68.72,83.71,323.94,3870.0,83.71,32.27,24.17,82.1,11152.0,13920.0,5184.0,3385.0,6310.0,8373.0,22646.0,25678.0,76.44
2007,Thiruvallur,94.05,78.71,286.01,3634.0,75.01,33.28,23.39,95.98,5378.0,11390.0,2446.0,2098.0,1069.0,2869.0,8893.0,16357.0,53.49
2007,Thiruvarur,93.48,151.63,311.31,2053.0,151.63,32.56,24.42,97.35,8494.0,8937.0,5220.0,2182.0,4909.0,3417.0,18623.0,14536.0,55.2
2007,Thoothukudi,50.53,18.06,64.74,3585.0,18.06,33.91,25.42,53.64,1945.0,9687.0,1146.0,890.0,1041.0,1793.0,4132.0,12370.0,109.45
2007,Tiruchirappalli,75.13,61.29,227.33,3709.0,60.74,33.69,23.63,74.53,22271.0,32515.0,13926.0,13481.0,19217.0,20437.0,55414.0,66433.0,76.91
2007,Tiruvannamalai,90.56,112.15,385.91,3441.0,112.01,32.91,22.71,96.27,9198.0,21197.0,4405.0,7614.0,5536.0,9492.0,19139.0,38303.0,53.9
2007,Vellore,82.52,44.33,148.37,3347.0,44.31,32.36,21.85,88.4,9108.0,19782.0,4455.0,7402.0,4265.0,7611.0,17828.0,34795.0,59.07
2007,Villupuram,93.29,145.4,480.33,3304.0,142.94,33.11,23.4,95.71,11863.0,21403.0,5475.0,5660.0,5554.0,8374.0,22892.0,35437.0,54.67
2007,Virudhunagar,74.16,28.21,93.09,3300.0,26.84,33.95,24.94,69.16,2237.0,5120.0,1674.0,1192.0,802.0,1986.0,4713.0,8298.0,79.36
2008,Ariyalur,87.64,24.57,75.63,3078.0,18.91,33.27,24.07,123.61,1808.0,3845.0,1033.0,772.0,1056.0,2062.0,3897.0,6679.0,65.09
2008,Coimbatore,80.32,2.57,4.8,1868.0,2.57,30.06,20.66,121.28,16451.0,15440.0,6221.0,7332.0,15933.0,13643.0,38605.0,36415.0,47.78
2008,Cuddalore,95.15,107.82,223.88,2076.0,107.82,32.97,23.94,135.15,11268.0,17056.0,3707.0,5620.0,5743.0,8760.0,20718.0,31436.0,55.26
2008,Dharmapuri,81.46,20.37,77.73,3816.0,20.22,32.04,21.04,94.51,3973.0,5089.0,1667.0,2883.0,2984.0,2404.0,8624.0,10376.0,58.14
2008,Dindigul,74.1,19.64,72.66,3700.0,19.64,31.0,21.28,92.93,6663.0,12433.0,3464.0,3782.0,5834.0,8237.0,15961.0,24452.0,66.73
2008,Erode,61.91,38.05,196.32,5160.0,38.0,31.53,21.08,72.4,22444.0,23028.0,9523.0,7095.0,13944.0,11542.0,45911.0,41665.0,75.21
2008,Kancheepuram,88.67,90.87,329.21,3623.0,89.76,33.14,23.67,124.98,6297.0,11239.0,4482.0,2475.0,11940.0,3965.0,22719.0,17679.0,60.2
2008,Kanyakumari,97.69,18.19,83.66,4599.0,18.19,29.96,22.96,134.87,1910.0,3154.0,1581.0,1725.0,2144.0,1763.0,5635.0,6642.0,34.6
2008,Karur,68.67,15.63,60.16,3849.0,15.63,34.11,23.81,79.45,3357.0,3980.0,1760.0,1406.0,2134.0,3522.0,7251.0,8908.0,86.54
2008,Krishnagiri,74.28,14.62,52.3,3577.0,14.62,30.99,19.9,85.36,1944.0,2537.0,1131.0,789.0,1107.0,1011.0,4182.0,4337.0,60.35
2008,Madurai,82.97,66.7,267.23,4006.0,66.7,33.34,23.73,104.04,11979.0,24839.0,4717.0,5816.0,6056.0,11446.0,22752.0,42101.0,66.65
2008,Nagapattinam,102.02,170.84,225.15,1318.0,157.4,32.48,24.46,157.87,9220.0,11032.0,3754.0,3920.0,3329.0,4041.0,16303.0,18993.0,50.18
2008,Namakkal,75.06,13.91,67.3,4838.0,13.86,32.99,22.32,88.37,3423.0,5277.0,2649.0,3272.0,2238.0,1896.0,8310.0,10445.0,72.27
2008,Perambular,83.75,12.4,38.16,3077.0,12.4,33.67,23.76,111.58,4264.0,4548.0,3533.0,1607.0,1771.0,2821.0,9568.0,8976.0,69.99
2008,Pudukkottai,83.33,96.39,179.77,1865.0,86.63,33.04,24.18,118.09,8568.0,13868.0,4239.0,4782.0,5053.0,6187.0,17860.0,24837.0,69.82
2008,Ramananthapuram,75.7,128.8,202.99,1576.0,54.57,33.27,25.42,99.15,2804.0,6834.0,1197.0,2325.0,388.0,1509.0,4389.0,10668.0,85.98
2008,Salem,81.47,29.93,120.38,4022.0,29.56,32.4,21.57,97.76,15626.0,24265.0,6636.0,10148.0,14474.0,14899.0,36736.0,49312.0,60.75
2008,Sivagangai,84.15,80.83,132.14,1635.0,66.06,33.26,24.49,118.58,3399.0,8003.0,1212.0,2462.0,958.0,2485.0,5569.0,12950.0,69.33
2008,Thanjavur,88.18,177.09,357.16,2017.0,177.09,32.7,24.09,129.02,17706.0,19650.0,6376.0,5954.0,8397.0,9531.0,32479.0,35135.0,61.52
2008,The Nilgiris,78.34,0.78,3.05,3910.0,0.0,24.04,14.6,159.89,2228.0,1469.0,1097.0,730.0,3163.0,1376.0,6488.0,3575.0,31.83
2008,Theni,89.55,15.58,80.29,5153.0,15.58,30.15,21.14,113.11,4823.0,6406.0,3032.0,3123.0,2458.0,3965.0,10313.0,13494.0,42.5
2008,Thirunelveli,82.27,91.32,374.21,4098.0,91.32,32.24,24.14,110.32,13393.0,22085.0,4749.0,8201.0,6666.0,10598.0,24808.0,40884.0,64.27
2008,Thiruvallur,81.85,82.24,315.86,3841.0,77.67,33.38,23.49,116.55,6267.0,13648.0,2141.0,10162.0,2088.0,5353.0,10496.0,29163.0,65.3
2008,Thiruvarur,98.63,178.04,206.61,1160.0,178.04,32.54,24.39,146.84,11752.0,10785.0,5759.0,4542.0,5594.0,4051.0,23105.0,19378.0,51.94
2008,Thoothukudi,59.41,22.4,108.16,4829.0,22.4,33.88,25.39,76.28,4480.0,5274.0,2920.0,2586.0,1847.0,2383.0,9247.0,10243.0,102.44
2008,Tiruchirappalli,76.4,72.53,262.38,3618.0,72.31,33.37,23.31,94.94,23053.0,29802.0,12746.0,10706.0,16691.0,20268.0,52490.0,60776.0,74.35
2008,Tiruppur,59.93,11.06,20.64,1866.0,11.06,32.14,22.22,71.14,-1.0,-1.0,-1.0,-1.0,-1.0,-1.0,-1.0,-1.0,83.78
2008,Tiruvannamalai,89.47,101.89,317.94,3120.0,101.66,32.9,22.7,110.72,12540.0,22826.0,4281.0,5798.0,7909.0,9963.0,24730.0,38587.0,53.34
2008,Vellore,82.83,47.42,171.87,3624.0,47.41,32.36,21.85,97.2,13465.0,22208.0,5019.0,6706.0,6385.0,7916.0,24869.0,36830.0,56.88
2008,Villupuram,87.99,146.64,451.14,3077.0,144.46,33.06,23.35,117.64,15099.0,24297.0,5644.0,5736.0,7689.0,15357.0,28432.0,45390.0,59.64
2008,Virudhunagar,81.47,32.5,104.59,3218.0,30.96,33.84,24.83,96.77,4079.0,7489.0,2748.0,3511.0,1353.0,3271.0,8180.0,14271.0,74.17
2009,Ariyalur,90.41,25.98,80.46,3097.0,20.69,33.85,24.65,92.71,2202.0,3961.0,981.0,1231.0,1106.0,2180.0,4289.0,7372.0,66.69
2009,Coimbatore,73.53,2.82,9.88,3504.0,2.82,30.46,21.06,105.68,17552.0,15864.0,9247.0,7262.0,13395.0,14878.0,40194.0,38004.0,60.22
2009,Cuddalore,88.69,111.52,322.96,2896.0,111.52,33.46,24.43,105.28,12204.0,18087.0,5076.0,5517.0,5849.0,10337.0,23129.0,33941.0,66.48
2009,Dharmapuri,76.3,20.31,79.68,3923.0,20.31,32.73,21.73,72.27,4532.0,4346.0,2888.0,2580.0,3603.0,3576.0,11023.0,10502.0,67.6
2009,Dindigul,69.89,16.65,78.85,4736.0,16.64,31.67,21.96,71.62,6227.0,9723.0,4177.0,2923.0,3794.0,6639.0,14198.0,19285.0,77.44
2009,Erode,55.07,38.11,156.42,4104.0,38.07,32.12,21.67,57.14,24187.0,24776.0,12198.0,8464.0,9868.0,13081.0,46253.0,46321.0,88.84
2009,Kancheepuram,81.5,91.02,331.43,3641.0,87.21,33.6,24.13,101.45,6081.0,15247.0,2460.0,4351.0,2006.0,6001.0,10547.0,25599.0,74.04
2009,Kanyakumari,87.32,17.31,76.24,4404.0,17.31,30.27,23.28,105.98,2601.0,3427.0,1417.0,1881.0,2587.0,2485.0,6605.0,7793.0,46.41
2009,Karur,62.58,15.01,64.09,4270.0,15.01,34.87,24.57,57.96,2150.0,3484.0,1092.0,1033.0,1241.0,2921.0,4483.0,7438.0,100.03
2009,Krishnagiri,65.99,16.49,64.98,3941.0,16.46,31.65,20.56,64.54,3272.0,3920.0,1667.0,1586.0,1046.0,1389.0,5985.0,6895.0,70.83
2009,Madurai,77.67,50.99,203.62,3993.0,50.99,34.03,24.42,75.78,11531.0,20865.0,5468.0,6833.0,5123.0,9835.0,22122.0,37533.0,79.36
2009,Nagapattinam,90.42,157.86,432.03,2737.0,144.53,32.78,24.76,123.73,8420.0,12387.0,3678.0,4320.0,2369.0,4978.0,14467.0,21685.0,65.73
2009,Namakkal,67.05,10.69,45.95,4298.0,10.68,33.73,23.06,65.02,3926.0,3234.0,3001.0,2090.0,2733.0,1553.0,9660.0,6877.0,86.1
2009,Perambular,85.27,12.09,42.37,3505.0,12.09,34.4,24.5,82.39,2659.0,4539.0,1724.0,1324.0,1458.0,2890.0,5841.0,8753.0,74.36
2009,Pudukkottai,88.63,95.3,188.45,1977.0,86.46,33.87,25.01,82.66,6211.0,12592.0,3067.0,3688.0,3236.0,5905.0,12514.0,22185.0,72.08
2009,Ramananthapuram,77.56,133.89,234.88,1754.0,54.65,33.87,26.03,75.09,1327.0,6360.0,826.0,1290.0,220.0,1373.0,2373.0,9023.0,91.3
2009,Salem,73.14,24.38,106.46,4367.0,24.09,33.13,22.29,73.57,15779.0,21398.0,9791.0,9399.0,10321.0,11805.0,35891.0,42602.0,74.99
2009,Sivagangai,92.41,77.33,138.1,1786.0,62.62,34.1,25.33,82.71,3004.0,7905.0,1987.0,2801.0,1077.0,2550.0,6068.0,13256.0,69.09
2009,Thanjavur,91.0,162.94,427.14,2621.0,162.94,33.3,24.69,93.94,15301.0,20220.0,6665.0,5817.0,6571.0,10271.0,28537.0,36308.0,64.07
2009,The Nilgiris,72.95,0.51,1.78,3490.0,0.04,24.36,14.92,150.89,3326.0,1480.0,811.0,383.0,2500.0,1793.0,6637.0,3656.0,41.28
2009,Theni,82.94,15.37,77.71,5056.0,15.37,30.67,21.66,87.2,5182.0,6006.0,3435.0,2671.0,3536.0,4471.0,12153.0,13148.0,54.01
2009,Thirunelveli,71.09,85.99,355.88,4139.0,85.99,32.64,24.55,85.48,12750.0,21424.0,5872.0,6699.0,5891.0,9923.0,24513.0,38046.0,79.97
2009,Thiruvallur,79.38,80.94,256.29,3166.0,77.46,33.84,23.95,96.42,9539.0,12343.0,5537.0,5469.0,1876.0,3362.0,16952.0,21174.0,73.93
2009,Thiruvarur,92.56,166.25,483.13,2906.0,166.25,32.94,24.8,111.02,10109.0,13390.0,6068.0,5137.0,2847.0,7477.0,19024.0,26004.0,62.84
2009,Thoothukudi,51.72,19.55,96.68,4945.0,19.55,34.31,25.81,62.43,2955.0,5069.0,1889.0,1494.0,1250.0,2590.0,6094.0,9153.0,115.15
2009,Tiruchirappalli,73.99,64.3,266.27,4141.0,63.74,34.21,24.15,68.12,17747.0,25955.0,12052.0,9276.0,9673.0,19923.0,39472.0,55154.0,83.71
2009,Tiruvannamalai,82.44,105.18,324.98,3090.0,104.97,33.52,23.31,84.05,11155.0,21732.0,6358.0,7142.0,3925.0,12356.0,21438.0,41230.0,67.7
2009,Vellore,74.94,39.77,135.83,3415.0,39.77,32.99,22.48,74.81,11200.0,20138.0,5477.0,6582.0,4540.0,8478.0,21217.0,35198.0,71.11
2009,Villupuram,84.54,148.45,467.83,3151.0,146.49,33.64,23.94,90.86,14596.0,28040.0,6204.0,8688.0,7199.0,14736.0,27999.0,51464.0,69.79
2009,Virudhunagar,74.27,26.62,64.72,2431.0,25.22,34.42,25.41,72.61,3324.0,5996.0,2805.0,1856.0,1029.0,2985.0,7158.0,10837.0,87.94
2010,Ariyalur,93.35,25.21,97.87,3882.0,21.68,33.82,24.62,111.6,2101.0,4918.0,1063.0,1400.0,994.0,1579.0,4158.0,7897.0,57.97
2010,Coimbatore,79.46,2.67,10.42,3903.0,2.67,30.43,21.03,120.87,15216.0,19292.0,8993.0,7665.0,14041.0,13429.0,38250.0,40386.0,51.63
2010,Cuddalore,97.5,115.82,301.51,2603.0,115.82,33.41,24.38,120.08,12999.0,19012.0,6727.0,6974.0,6631.0,6970.0,26357.0,32956.0,51.98
2010,Dharmapuri,74.03,22.86,93.21,4077.0,22.86,32.63,21.62,86.15,3694.0,5953.0,2819.0,3475.0,6176.0,4097.0,12689.0,13525.0,67.15
2010,Dindigul,71.49,18.35,98.05,5343.0,18.35,31.55,21.84,93.92,6129.0,11943.0,2936.0,4764.0,4250.0,7270.0,13315.0,23977.0,71.14
2010,Erode,61.9,36.66,154.54,4215.0,36.62,32.09,21.64,72.07,18867.0,23829.0,12099.0,7700.0,10330.0,10104.0,41296.0,41633.0,78.87
2010,Kancheepuram,100.82,95.74,378.63,3955.0,92.66,33.39,23.92,109.65,5709.0,15952.0,2554.0,5156.0,1964.0,5117.0,10227.0,26225.0,48.26
2010,Kanyakumari,93.12,16.99,80.39,4732.0,16.99,30.21,23.21,142.84,3962.0,3195.0,1598.0,1875.0,2414.0,1817.0,7974.0,6887.0,40.32
2010,Karur,65.1,14.81,56.99,3848.0,14.81,34.77,24.47,78.55,2053.0,3999.0,1109.0,1272.0,1784.0,2166.0,4946.0,7437.0,92.15
2010,Krishnagiri,68.04,16.34,70.13,4292.0,16.34,31.57,20.48,75.38,4410.0,4843.0,2895.0,2176.0,1471.0,1112.0,8776.0,8131.0,67.34
2010,Madurai,76.01,61.06,260.06,4259.0,61.06,33.9,24.29,100.65,10639.0,23260.0,4661.0,8356.0,3225.0,9486.0,18525.0,41102.0,75.52
2010,Nagapattinam,96.09,156.05,321.51,2060.0,143.55,32.82,24.8,140.22,8460.0,9287.0,3636.0,2710.0,3049.0,3731.0,15145.0,15728.0,54.74
2010,Namakkal,70.42,14.06,53.96,3838.0,13.94,33.65,22.98,83.3,2547.0,3968.0,2210.0,2906.0,2667.0,1053.0,7424.0,7927.0,78.76
2010,Perambular,84.87,14.25,54.71,3839.0,14.25,34.33,24.42,101.23,3646.0,4603.0,2041.0,1807.0,2044.0,1536.0,7731.0,7946.0,69.66
2010,Pudukkottai,86.07,92.9,208.87,2248.0,85.0,33.77,24.92,113.04,7108.0,15630.0,3551.0,4081.0,3542.0,5326.0,14201.0,25037.0,68.72
2010,Ramananthapuram,76.91,131.4,254.0,1933.0,55.16,33.83,25.98,96.54,1311.0,6387.0,1088.0,1964.0,313.0,1114.0,2712.0,9465.0,85.99
2010,Salem,75.8,33.3,147.78,4438.0,32.89,33.03,22.2,90.5,15362.0,23269.0,9506.0,12058.0,13865.0,13134.0,38733.0,48461.0,68.59
2010,Sivagangai,84.31,83.93,188.42,2245.0,67.53,33.99,25.22,113.49,2514.0,8119.0,1548.0,3120.0,794.0,2555.0,4856.0,13794.0,71.34
2010,Thanjavur,93.88,166.21,476.79,2869.0,166.21,33.27,24.66,114.93,16585.0,19020.0,6474.0,5294.0,7750.0,9415.0,30809.0,33729.0,55.26
2010,The Nilgiris,82.2,0.39,1.4,3590.0,0.01,24.38,14.94,151.92,2018.0,2375.0,398.0,419.0,1510.0,1601.0,3926.0,4395.0,30.57
2010,Theni,82.55,15.36,74.01,4818.0,15.36,30.55,21.53,112.03,4759.0,6664.0,2436.0,3015.0,3243.0,3554.0,10438.0,13233.0,51.29
2010,Thirunelveli,76.03,79.76,351.82,4411.0,79.76,32.56,24.47,114.38,13664.0,17916.0,5486.0,4110.0,4780.0,6698.0,23930.0,28724.0,71.37
2010,Thiruvallur,101.83,83.22,250.21,3007.0,79.18,33.54,23.65,109.93,10564.0,12463.0,11184.0,7281.0,2201.0,3340.0,23949.0,23084.0,45.6
2010,Thiruvarur,98.32,160.24,285.59,1782.0,160.24,32.96,24.82,129.49,8071.0,11232.0,5081.0,4181.0,2041.0,4315.0,15193.0,19728.0,50.91
2010,Thoothukudi,55.86,20.01,89.44,4470.0,20.01,34.25,25.76,78.43,3393.0,5136.0,2524.0,1518.0,1475.0,1912.0,7392.0,8566.0,106.21
2010,Tiruchirappalli,72.52,67.17,268.14,3992.0,66.25,34.11,24.04,91.86,16815.0,28742.0,9346.0,11587.0,11279.0,16014.0,37440.0,56343.0,80.47
2010,Tiruvannamalai,89.19,125.49,357.69,2850.0,125.31,33.3,23.09,96.66,11518.0,25722.0,5862.0,10561.0,4731.0,10805.0,22111.0,47088.0,54.79
2010,Vellore,82.26,43.22,152.83,3536.0,43.22,32.73,22.22,87.25,11685.0,22737.0,5139.0,6709.0,3853.0,7143.0,20677.0,36589.0,58.21
2010,Villupuram,92.5,149.93,512.01,3415.0,148.01,33.5,23.8,103.58,16199.0,32400.0,7426.0,10145.0,9444.0,14158.0,33069.0,56703.0,55.7
2010,Virudhunagar,76.3,30.57,94.52,3092.0,28.88,34.32,25.3,94.58,1750.0,7568.0,957.0,2287.0,634.0,3058.0,3341.0,12913.0,80.47
2011,Ariyalur,92.78,24.1,97.26,4036.0,22.04,33.67,24.47,91.09,3563.0,6171.0,1756.0,2245.0,433.0,1870.0,5752.0,10286.0,64.99
2011,Coimbatore,73.86,2.63,10.49,3989.0,2.63,30.05,20.65,92.65,15893.0,17995.0,9932.0,9650.0,7356.0,18116.0,33181.0,45761.0,56.39
2011,Cuddalore,97.19,120.98,248.24,2052.0,120.98,33.27,24.25,108.92,16684.0,18488.0,7183.0,8542.0,2442.0,8068.0,26309.0,35098.0,58.34
2011,Dharmapuri,81.12,27.07,128.23,4737.0,27.07,32.33,21.33,79.39,4944.0,6302.0,3945.0,3597.0,1475.0,3749.0,10364.0,13648.0,61.56
2011,Dindigul,70.42,19.16,103.38,5396.0,19.16,31.29,21.57,67.86,8397.0,14643.0,4332.0,5796.0,2578.0,6858.0,15307.0,27297.0,76.01
2011,Erode,56.99,33.72,144.36,4281.0,33.69,31.65,21.2,58.23,25326.0,24979.0,13013.0,11364.0,4707.0,12540.0,43046.0,48883.0,82.6
2011,Kancheepuram,104.33,90.42,395.41,4373.0,89.99,33.38,23.91,123.81,6161.0,13985.0,2858.0,5532.0,1172.0,4489.0,10191.0,24006.0,50.28
2011,Kanyakumari,88.78,16.62,90.11,5422.0,16.62,30.08,23.09,115.72,3960.0,4341.0,2361.0,2405.0,1233.0,2887.0,7554.0,9633.0,44.31
2011,Karur,65.17,17.09,65.74,3847.0,17.09,34.53,24.23,59.07,3062.0,4265.0,1252.0,1660.0,713.0,2457.0,5027.0,8382.0,96.29
2011,Krishnagiri,71.11,20.11,91.44,4547.0,20.11,31.19,20.1,73.08,4720.0,5354.0,3337.0,2586.0,617.0,1809.0,8674.0,9749.0,65.23
2011,Madurai,75.27,65.64,304.24,4635.0,65.64,33.68,24.08,70.66,9863.0,21727.0,6195.0,9649.0,3614.0,10627.0,19672.0,42003.0,82.5
2011,Nagapattinam,92.15,170.04,577.03,3393.0,157.06,32.6,24.57,120.74,10598.0,11677.0,4799.0,3611.0,1804.0,3547.0,17201.0,18835.0,63.98
2011,Namakkal,69.91,8.13,35.75,4397.0,8.13,33.39,22.73,68.19,3305.0,3912.0,2319.0,1615.0,1086.0,1000.0,6710.0,6527.0,81.88
2011,Perambular,88.5,13.1,58.48,4464.0,13.1,34.22,24.32,83.69,4088.0,5157.0,2833.0,1963.0,824.0,2190.0,7745.0,9310.0,71.45
2011,Pudukkottai,84.49,92.59,334.26,3610.0,86.34,33.62,24.76,75.19,8028.0,13638.0,3740.0,4763.0,1646.0,5445.0,13414.0,23846.0,75.97
2011,Ramananthapuram,74.13,128.96,438.24,3398.0,52.91,33.61,25.77,70.41,1342.0,7755.0,745.0,2306.0,119.0,1273.0,2206.0,11334.0,92.94
2011,Salem,78.26,27.75,125.33,4516.0,26.98,32.78,21.95,78.52,19257.0,25525.0,12565.0,16181.0,4846.0,16308.0,36668.0,58014.0,68.47
2011,Sivagangai,85.11,83.78,310.18,3702.0,70.75,33.81,25.04,72.99,2682.0,7760.0,1070.0,2122.0,352.0,1937.0,4104.0,11819.0,76.2
2011,Thanjavur,90.55,180.86,722.58,3995.0,180.86,33.09,24.48,88.32,19417.0,19935.0,8845.0,6594.0,3817.0,10556.0,32079.0,37085.0,64.45
2011,The Nilgiris,74.29,0.4,1.65,4125.0,0.01,23.93,14.5,137.1,2354.0,1487.0,1104.0,464.0,1294.0,1388.0,4752.0,3339.0,36.58
2011,Theni,83.59,14.74,79.13,5368.0,14.74,30.3,21.29,82.79,4982.0,6310.0,2427.0,2541.0,1498.0,3930.0,8907.0,12781.0,53.13
2011,Thirunelveli,73.37,17.68,85.77,4851.0,86.73,32.41,24.32,96.63,9041.0,19068.0,3590.0,7571.0,1400.0,6715.0,14031.0,33354.0,76.05
2011,Thiruvallur,102.43,79.22,313.04,3952.0,75.75,33.56,23.67,117.64,9337.0,10808.0,5928.0,5047.0,917.0,2879.0,16182.0,18734.0,48.96
2011,Thiruvarur,93.08,86.73,459.4,5297.0,186.31,32.75,24.6,106.1,10952.0,11346.0,4731.0,7815.0,1157.0,7038.0,16840.0,26199.0,62.14
2011,Thoothukudi,55.83,103.92,356.2,3428.0,17.68,34.07,25.57,69.42,3177.0,7097.0,2357.0,2700.0,476.0,6854.0,6010.0,16651.0,109.17
2011,Tiruchirappalli,74.83,63.94,302.48,4731.0,63.65,33.96,23.9,68.63,18952.0,28322.0,11273.0,14777.0,6170.0,21289.0,36395.0,64388.0,82.71
2011,Tiruvannamalai,96.36,63.94,302.48,4731.0,103.81,33.24,23.04,103.04,17088.0,23579.0,7833.0,11017.0,3602.0,8908.0,28523.0,43504.0,52.82
2011,Vellore,86.17,37.99,151.27,3982.0,37.99,32.64,22.14,92.09,15374.0,22127.0,6810.0,8231.0,2707.0,6756.0,24891.0,37114.0,58.49
2011,Villupuram,97.63,129.86,471.62,3632.0,127.73,33.42,23.72,102.9,26772.0,32648.0,10196.0,13911.0,4431.0,14911.0,41399.0,61470.0,56.31
2011,Virudhunagar,77.01,29.66,118.47,3994.0,28.65,34.11,25.1,72.0,2331.0,7236.0,1792.0,2252.0,602.0,3125.0,4725.0,12613.0,84.85
2012,Ariyalur,77.43,17.52,36.39,2077.0,13.57,33.86,24.66,71.51,3717.0,5125.0,1661.0,1117.0,258.0,961.0,5636.0,7203.0,84.4
2012,Coimbatore,61.98,2.16,7.89,3653.0,2.16,30.47,21.07,68.79,12480.0,11539.0,5836.0,3936.0,8332.0,6442.0,26648.0,21917.0,68.71
2012,Cuddalore,85.44,111.96,339.29,3030.0,111.96,33.46,24.43,83.12,13666.0,19218.0,5663.0,6977.0,2299.0,5183.0,21628.0,31378.0,73.29
2012,Dharmapuri,59.84,12.0,53.67,4473.0,11.82,32.82,21.82,59.91,4236.0,5266.0,2337.0,2227.0,2078.0,1776.0,8651.0,9269.0,85.95
2012,Dindigul,53.04,9.48,30.81,3250.0,9.48,31.68,21.96,53.37,7328.0,8299.0,3593.0,2970.0,1742.0,2822.0,12663.0,14091.0,94.34
2012,Erode,43.39,6.6,29.13,4414.0,6.57,32.16,21.71,44.2,17718.0,15210.0,7678.0,3569.0,5000.0,2956.0,30396.0,21735.0,98.53
2012,Kancheepuram,91.41,77.78,344.88,4434.0,77.08,33.57,24.1,88.2,6305.0,13636.0,2598.0,3653.0,1000.0,2629.0,9903.0,19918.0,65.71
2012,Kanyakumari,77.65,12.41,57.88,4664.0,12.41,30.29,23.29,81.03,2450.0,2587.0,997.0,1137.0,673.0,913.0,4120.0,4637.0,56.49
2012,Karur,45.79,10.91,44.07,4039.0,10.91,34.91,24.61,47.21,2789.0,3038.0,1173.0,999.0,442.0,1022.0,4404.0,5059.0,118.15
2012,Krishnagiri,54.09,17.75,72.19,4067.0,17.75,31.74,20.65,53.84,5096.0,5426.0,3429.0,2500.0,815.0,1666.0,9340.0,9592.0,83.93
2012,Madurai,58.72,18.02,65.0,3607.0,18.02,34.01,24.4,57.86,10304.0,9879.0,5123.0,4067.0,2033.0,3162.0,17460.0,17108.0,99.35
2012,Nagapattinam,83.38,142.21,201.55,1417.0,127.35,32.69,24.67,91.23,6402.0,10930.0,3630.0,1902.0,1370.0,2314.0,11402.0,15146.0,75.02
2012,Namakkal,51.27,5.55,20.25,3649.0,5.54,33.8,23.13,52.53,2211.0,3349.0,744.0,1522.0,429.0,682.0,3384.0,5553.0,103.41
2012,Perambular,67.68,7.3,20.89,2862.0,7.3,34.47,24.57,65.61,4141.0,4036.0,2393.0,962.0,905.0,949.0,7439.0,5947.0,96.36
2012,Pudukkottai,65.06,83.59,240.39,2876.0,76.7,33.82,24.96,63.02,7761.0,13888.0,2887.0,4446.0,546.0,2730.0,11194.0,21064.0,98.28
2012,Ramananthapuram,63.35,116.51,68.56,588.0,49.66,33.79,25.95,56.09,1889.0,5230.0,1223.0,1207.0,169.0,611.0,3281.0,7048.0,104.95
2012,Salem,59.18,12.93,52.95,4095.0,12.39,33.21,22.38,59.75,14261.0,17851.0,7760.0,9494.0,7091.0,6252.0,29112.0,33597.0,90.56
2012,Sivagangai,63.93,70.63,130.31,1845.0,55.91,34.02,25.25,62.36,3611.0,4270.0,1523.0,1430.0,654.0,796.0,5788.0,6496.0,99.41
2012,Thanjavur,76.04,146.96,431.12,2934.0,146.96,33.25,24.64,69.87,12212.0,17470.0,5574.0,4512.0,2347.0,4605.0,20133.0,26587.0,82.46
2012,The Nilgiris,67.86,0.29,1.15,3966.0,0.0,24.4,14.96,94.87,1836.0,1242.0,328.0,219.0,827.0,1404.0,2991.0,2865.0,44.69
2012,Theni,65.22,10.32,47.64,4616.0,10.32,30.68,21.66,61.85,4470.0,4879.0,1676.0,2113.0,1083.0,2116.0,7229.0,9108.0,71.55
2012,Thirunelveli,64.82,45.4,182.67,4024.0,45.4,32.67,24.58,64.3,9299.0,12025.0,3964.0,4053.0,1374.0,3194.0,14637.0,19272.0,85.96
2012,Thiruvallur,89.69,78.34,300.46,3835.0,75.25,33.76,23.87,85.35,8907.0,13341.0,4196.0,4240.0,858.0,2386.0,13961.0,19967.0,63.9
2012,Thiruvarur,84.1,158.9,192.84,1214.0,158.9,32.86,24.72,81.57,4830.0,11345.0,1376.0,2965.0,442.0,2712.0,6648.0,17022.0,74.03
2012,Thoothukudi,50.9,6.23,24.38,3913.0,6.23,34.3,25.81,46.72,3762.0,5002.0,3410.0,1509.0,289.0,1070.0,7461.0,7581.0,114.43
2012,Tiruchirappalli,54.93,45.24,138.08,3052.0,44.95,34.26,24.19,55.61,16386.0,21633.0,8176.0,9329.0,5674.0,8995.0,30236.0,39957.0,105.77
2012,Tiruppur,41.1,0.25,0.6,2400.0,0.25,32.72,22.8,42.37,49.0,406.0,51.0,58.0,0.0,44.0,100.0,508.0,106.48
2012,Tiruvannamalai,81.59,91.77,325.51,3547.0,91.45,33.58,23.38,75.94,13817.0,24065.0,6006.0,8058.0,3542.0,4198.0,23365.0,36321.0,70.76
2012,Vellore,70.79,35.71,152.8,4279.0,35.71,33.05,22.54,67.63,14257.0,23408.0,5564.0,6488.0,3752.0,4426.0,23573.0,34322.0,76.4
2012,Villupuram,83.39,115.59,396.53,3430.0,113.3,33.69,23.99,77.74,21426.0,35798.0,9752.0,11736.0,3211.0,8806.0,34389.0,56340.0,74.01
2012,Virudhunagar,60.67,22.97,40.47,1762.0,21.16,34.41,25.4,55.08,3147.0,4470.0,2447.0,860.0,497.0,1626.0,6091.0,6956.0,101.34
2013,Ariyalur,79.17,24.44,131.66,5387.0,21.87,33.96,24.76,75.65,5128.0,4633.0,1743.0,1569.0,756.0,1465.0,7627.0,7667.0,84.34
2013,Coimbatore,68.36,2.16,10.14,4694.0,2.16,30.43,21.03,89.11,12974.0,9125.0,5311.0,3855.0,8550.0,5229.0,26835.0,18209.0,62.79
2013,Cuddalore,91.99,127.49,565.96,4439.0,127.49,33.48,24.46,87.87,16521.0,18857.0,5731.0,6780.0,4429.0,5062.0,26681.0,30699.0,66.83
2013,Dharmapuri,73.13,26.69,132.54,4966.0,26.54,32.81,21.8,77.54,4083.0,4664.0,1990.0,2083.0,1939.0,1794.0,8012.0,8541.0,71.09
2013,Dindigul,56.76,4.23,25.76,6090.0,4.23,31.69,21.97,58.0,5814.0,4852.0,3155.0,2219.0,1782.0,2347.0,10751.0,9418.0,91.09
2013,Erode,50.09,30.89,163.02,5277.0,30.87,32.2,21.75,52.98,14051.0,17891.0,6963.0,4505.0,4513.0,3740.0,25527.0,26136.0,91.56
2013,Kancheepuram,100.48,85.56,391.84,4580.0,84.15,33.43,23.96,100.14,7338.0,13077.0,2502.0,3860.0,1506.0,2494.0,11346.0,19431.0,52.86
2013,Kanyakumari,91.5,13.62,66.7,4897.0,13.62,30.18,23.19,108.79,3656.0,3037.0,1595.0,1278.0,1148.0,1258.0,6399.0,5573.0,41.36
2013,Karur,49.34,12.57,69.9,5561.0,12.57,35.0,24.7,49.25,2009.0,2285.0,622.0,670.0,422.0,1157.0,3053.0,4112.0,116.14
2013,Krishnagiri,67.44,29.7,143.4,4828.0,29.7,31.67,20.58,72.94,5728.0,4322.0,2995.0,1745.0,1034.0,854.0,9757.0,6921.0,69.55
2013,Madurai,61.54,35.27,163.97,4649.0,35.27,34.02,24.41,60.63,8998.0,10321.0,4310.0,3728.0,2240.0,3256.0,15548.0,17305.0,97.12
2013,Nagapattinam,94.03,154.75,605.33,3912.0,140.78,32.76,24.74,89.93,11797.0,10016.0,3774.0,2509.0,1708.0,2683.0,17279.0,15208.0,66.18
2013,Namakkal,59.47,9.18,50.98,5553.0,9.17,33.9,23.24,60.7,3024.0,2970.0,1062.0,1923.0,1157.0,1222.0,5243.0,6115.0,95.25
2013,Perambular,73.24,7.18,36.16,5036.0,7.18,34.58,24.68,71.88,4365.0,3308.0,2211.0,1226.0,1026.0,1195.0,7602.0,5729.0,91.41
2013,Pudukkottai,67.5,72.65,119.9,1650.0,65.12,33.99,25.13,63.35,6510.0,7880.0,1848.0,2208.0,1917.0,2313.0,10275.0,12401.0,100.2
2013,Ramananthapuram,59.72,114.98,33.93,295.0,48.88,33.91,26.07,56.37,1808.0,2157.0,789.0,880.0,108.0,311.0,2705.0,3348.0,114.13
2013,Salem,70.47,20.15,97.05,4816.0,19.54,33.27,22.43,72.98,11949.0,13469.0,4511.0,8100.0,4711.0,6192.0,21171.0,27761.0,78.07
2013,Sivagangai,66.93,65.45,46.08,704.0,48.23,34.17,25.41,61.7,2561.0,2082.0,1171.0,953.0,387.0,401.0,4119.0,3436.0,101.23
2013,Thanjavur,76.22,167.29,831.48,4970.0,167.29,33.38,24.77,71.55,16496.0,14963.0,5870.0,4024.0,3775.0,5744.0,26141.0,24731.0,85.68
2013,The Nilgiris,73.0,0.33,1.42,4303.0,0.0,24.33,14.9,127.52,2395.0,1294.0,452.0,194.0,1445.0,892.0,4292.0,2380.0,39.58
2013,Theni,70.8,12.5,50.81,4065.0,12.5,30.58,21.57,76.34,4607.0,4572.0,1794.0,2149.0,1684.0,1920.0,8085.0,8641.0,65.27
2013,Thirunelveli,72.87,62.28,362.99,5828.0,62.28,32.58,24.48,82.55,8358.0,9168.0,2626.0,2844.0,2212.0,3152.0,13196.0,15164.0,77.6
2013,Thiruvallur,97.73,95.83,451.52,4712.0,95.07,33.58,23.69,99.7,10475.0,13066.0,3505.0,4258.0,1441.0,2189.0,15421.0,19513.0,51.68
2013,Thiruvarur,88.28,174.37,820.54,4706.0,174.37,32.96,24.82,81.53,12390.0,15662.0,5595.0,3999.0,3071.0,3549.0,21056.0,23210.0,72.67
2013,Thoothukudi,49.02,11.73,55.45,4727.0,11.73,34.28,25.78,52.15,3418.0,4600.0,2018.0,2157.0,434.0,948.0,5870.0,7705.0,118.55
2013,Tiruchirappalli,59.97,48.05,226.63,4717.0,47.81,34.39,24.33,58.37,14203.0,18123.0,6096.0,6265.0,4760.0,7707.0,25059.0,32095.0,102.11
2013,Tiruppur,45.16,7.51,43.38,5776.0,7.51,32.72,22.8,49.17,2749.0,4337.0,1093.0,1521.0,1311.0,2002.0,5153.0,7860.0,103.11
2013,Tiruvannamalai,90.73,82.63,359.4,4350.0,82.58,33.47,23.27,93.88,13967.0,18702.0,4732.0,5872.0,4934.0,3814.0,23633.0,28388.0,58.61
2013,Vellore,83.04,39.37,192.5,4890.0,39.37,32.9,22.38,88.47,14949.0,20559.0,4369.0,5833.0,3202.0,3126.0,22520.0,29518.0,61.66
2013,Villupuram,87.29,170.44,796.61,4674.0,168.46,33.66,23.95,87.06,20468.0,31744.0,5779.0,10069.0,4560.0,7798.0,30807.0,49611.0,68.04
2013,Virudhunagar,60.5,16.47,68.15,4138.0,15.69,34.39,25.37,60.85,1938.0,2888.0,1138.0,485.0,254.0,965.0,3330.0,4338.0,102.93
2014,Ariyalur,67.87,23.11,116.24,5030.0,21.39,34.06,24.86,80.25,4725.0,5349.0,2125.0,1499.0,1474.0,1368.0,8324.0,8216.0,95.91
2014,Coimbatore,69.99,2.17,9.97,4594.0,2.17,30.69,21.29,106.2,9691.0,14146.0,5892.0,5302.0,10058.0,7611.0,25641.0,27059.0,63.25
2014,Cuddalore,76.58,134.68,641.96,4767.0,134.68,33.69,24.67,89.92,16844.0,23046.0,5911.0,8012.0,5335.0,5498.0,28090.0,36556.0,84.89
2014,Dharmapuri,66.96,18.3,95.16,5200.0,18.3,33.09,22.08,83.06,3689.0,6099.0,2004.0,2476.0,2733.0,1622.0,8426.0,10197.0,81.92
2014,Dindigul,57.8,12.07,70.68,5856.0,12.07,31.81,22.09,71.23,4184.0,10573.0,2168.0,4943.0,1434.0,3533.0,7786.0,19049.0,93.12
2014,Erode,51.19,37.19,177.0,4759.0,37.17,32.38,21.93,64.66,13062.0,20609.0,5642.0,7880.0,6432.0,5762.0,25136.0,34251.0,92.48
2014,Kancheepuram,80.96,61.88,289.9,4685.0,60.81,33.85,24.38,92.9,6913.0,12220.0,2130.0,4505.0,921.0,2370.0,9964.0,19095.0,79.48
2014,Kanyakumari,83.31,13.18,66.94,5079.0,13.18,30.36,23.37,100.16,3349.0,3857.0,1795.0,1620.0,1699.0,1567.0,6843.0,7044.0,53.96
2014,Karur,51.3,13.45,68.61,5101.0,13.45,35.07,24.78,62.7,2028.0,3808.0,669.0,914.0,889.0,1599.0,3586.0,6321.0,116.44
2014,Krishnagiri,62.0,19.26,94.09,4885.0,19.26,32.01,20.92,76.87,4408.0,6855.0,2689.0,3079.0,831.0,980.0,7928.0,10914.0,79.78
2014,Madurai,59.52,47.72,197.5,4139.0,47.72,34.11,24.5,72.6,6028.0,15527.0,3189.0,5487.0,1523.0,4316.0,10740.0,25330.0,102.28
2014,Nagapattinam,80.67,159.5,579.96,3636.0,145.43,32.88,24.85,95.65,9594.0,11575.0,3914.0,2087.0,1753.0,2687.0,15261.0,16349.0,79.4
2014,Namakkal,59.44,10.42,53.33,5118.0,10.36,34.01,23.34,72.24,2530.0,4843.0,1079.0,2018.0,2175.0,1053.0,5784.0,7914.0,98.18
2014,Perambular,64.96,8.99,43.43,4831.0,8.99,34.69,24.79,78.4,3468.0,5306.0,2172.0,1431.0,1350.0,1412.0,6990.0,8149.0,101.3
2014,Pudukkottai,60.52,67.24,279.13,4151.0,62.29,33.96,25.11,74.0,6091.0,11955.0,1743.0,3973.0,2076.0,3681.0,9910.0,19609.0,105.07
2014,Ramananthapuram,51.74,116.87,423.16,3621.0,51.4,33.88,26.04,62.76,1437.0,6651.0,370.0,2102.0,96.0,1263.0,1903.0,10016.0,119.74
2014,Salem,65.52,19.34,102.75,5313.0,18.52,33.45,22.62,81.68,12477.0,20396.0,6045.0,7890.0,6997.0,6835.0,25519.0,35121.0,86.42
2014,Sivagangai,59.15,65.09,224.88,3455.0,55.62,34.13,25.36,74.01,1599.0,5844.0,394.0,1894.0,329.0,1778.0,2322.0,9516.0,106.85
2014,Thanjavur,65.38,177.76,696.19,3916.0,177.76,33.42,24.82,77.4,15986.0,22584.0,5166.0,8367.0,4741.0,5719.0,25893.0,36670.0,95.34
2014,The Nilgiris,70.02,0.03,0.15,5000.0,0.03,24.63,15.2,168.45,1321.0,1538.0,209.0,226.0,1493.0,699.0,3023.0,2463.0,43.86
2014,Theni,67.38,13.84,71.9,5195.0,13.84,30.79,21.78,81.85,4453.0,5878.0,2022.0,2516.0,1725.0,2178.0,8200.0,10572.0,73.29
2014,Thirunelveli,66.24,84.82,433.22,5108.0,84.82,32.75,24.65,79.08,7397.0,16759.0,2347.0,5817.0,1783.0,3804.0,11527.0,26380.0,88.31
2014,Thiruvallur,79.38,96.35,426.2,4423.0,96.09,34.03,24.14,88.52,9768.0,13229.0,2975.0,5145.0,1415.0,2163.0,14158.0,20537.0,77.02
2014,Thiruvarur,74.32,192.62,852.93,4428.0,192.62,33.04,24.89,87.28,9307.0,15545.0,4686.0,2140.0,2155.0,4885.0,16148.0,22570.0,85.56
2014,Thoothukudi,48.16,16.28,84.11,5166.0,16.28,34.36,25.87,53.81,2878.0,8110.0,1752.0,2711.0,311.0,1334.0,4941.0,12155.0,120.86
2014,Tiruchirappalli,56.69,51.27,240.2,4685.0,50.81,34.44,24.38,70.3,11002.0,22676.0,4852.0,8672.0,5160.0,8631.0,21014.0,39979.0,106.79
2014,Tiruppur,49.63,10.78,61.92,5744.0,10.78,32.9,22.98,59.67,2953.0,5872.0,1466.0,3474.0,2125.0,3542.0,6544.0,12888.0,101.55
2014,Tiruvannamalai,76.54,93.13,439.23,4716.0,93.07,33.86,23.66,87.49,10082.0,20893.0,2892.0,7939.0,2507.0,5113.0,15481.0,33945.0,78.55
2014,Vellore,71.63,36.58,194.73,5323.0,36.58,33.32,22.81,80.3,12719.0,17958.0,4011.0,5947.0,2533.0,4356.0,19263.0,28261.0,78.48
2014,Villupuram,74.08,171.48,832.59,4855.0,170.11,33.95,24.25,86.98,21410.0,33308.0,6871.0,12002.0,6453.0,10229.0,34734.0,55539.0,86.05
2014,Virudhunagar,55.38,19.61,81.41,4151.0,19.36,34.49,25.48,66.53,1656.0,5259.0,721.0,1312.0,271.0,1831.0,2648.0,8402.0,111.02
2015,Ariyalur,95.24,24.41,124.18,5087.0,22.51,33.96,24.92,110.36,3932.0,4927.0,1652.0,1537.0,893.0,997.0,6477.0,7461.0,61.98
2015,Coimbatore,85.41,2.03,7.94,3911.0,2.03,30.63,21.32,119.95,10366.0,11879.0,5305.0,6313.0,9339.0,5909.0,25010.0,24101.0,45.36
2015,Cuddalore,98.23,139.99,507.13,3623.0,139.99,33.61,24.72,112.85,16518.0,22469.0,6233.0,7478.0,5504.0,5467.0,28255.0,35414.0,56.57
2015,Dharmapuri,85.82,33.35,149.43,4481.0,33.35,32.69,22.05,92.57,4527.0,8605.0,2185.0,3569.0,2241.0,1748.0,8953.0,13922.0,55.72
2015,Dindigul,83.65,14.99,71.95,4800.0,14.99,31.56,22.09,98.67,6707.0,11673.0,3535.0,5411.0,2574.0,3600.0,12816.0,20684.0,58.85
2015,Erode,70.22,34.34,146.57,4268.0,34.33,32.16,21.93,78.29,16968.0,20521.0,7983.0,7903.0,7782.0,4798.0,32733.0,33222.0,69.91
2015,Kancheepuram,87.59,97.74,415.3,4249.0,96.85,33.68,24.43,87.97,4941.0,16357.0,1967.0,5516.0,840.0,3191.0,7748.0,25064.0,63.6
2015,Kanyakumari,101.55,12.96,55.79,4305.0,12.96,30.47,23.43,150.98,3700.0,4389.0,1421.0,2160.0,1739.0,1054.0,6860.0,7603.0,32.49
2015,Karur,79.14,13.28,52.89,3983.0,13.28,34.77,24.79,82.55,2435.0,3334.0,1059.0,1033.0,840.0,1373.0,4334.0,5740.0,78.62
2015,Krishnagiri,74.08,22.81,102.31,4485.0,22.81,31.61,20.88,81.19,6014.0,6565.0,3433.0,3953.0,1380.0,1488.0,10827.0,12006.0,62.35
2015,Madurai,91.6,55.98,203.67,3638.0,55.98,33.9,24.52,106.93,7793.0,14322.0,3341.0,4798.0,3571.0,3615.0,14705.0,22735.0,60.27
2015,Nagapattinam,106.54,163.79,338.26,2065.0,151.14,33.07,24.93,131.01,9217.0,11491.0,3701.0,3743.0,2152.0,2088.0,15070.0,17322.0,50.34
2015,Namakkal,82.8,11.98,60.39,5041.0,11.97,33.69,23.35,88.85,2913.0,4896.0,1113.0,2733.0,1499.0,1201.0,5525.0,8830.0,67.02
2015,Perambular,94.99,14.09,64.21,4557.0,14.09,34.42,24.83,104.34,4781.0,6045.0,3586.0,2934.0,2341.0,2283.0,10708.0,11262.0,63.22
2015,Pudukkottai,94.57,73.63,258.98,3517.0,66.46,33.76,25.17,112.62,7494.0,15432.0,1483.0,4630.0,2344.0,4034.0,11321.0,24096.0,63.94
2015,Ramananthapuram,84.66,116.58,303.46,2603.0,49.88,33.86,26.1,99.1,3152.0,7928.0,1435.0,2284.0,180.0,948.0,4767.0,11160.0,80.91
2015,Salem,86.66,24.71,122.54,4959.0,23.19,33.08,22.61,96.37,12584.0,21150.0,6562.0,10737.0,6561.0,7549.0,25707.0,39436.0,58.68
2015,Sivagangai,97.25,67.21,189.48,2819.0,58.89,33.94,25.42,116.16,3596.0,7071.0,1673.0,2097.0,369.0,1315.0,5638.0,10483.0,60.98
2015,Thanjavur,95.73,177.43,637.0,3590.0,177.43,33.37,24.88,114.08,19133.0,20635.0,6451.0,7813.0,3853.0,4096.0,29437.0,32544.0,58.8
2015,The Nilgiris,84.35,0.32,1.42,4438.0,0.0,24.66,15.27,147.74,1104.0,1440.0,389.0,259.0,1615.0,1016.0,3108.0,2715.0,28.7
2015,Theni,93.41,14.63,79.37,5425.0,14.63,30.64,21.78,116.34,4979.0,6452.0,2246.0,2884.0,2715.0,1680.0,9940.0,11016.0,39.49
2015,Thirunelveli,86.63,98.51,488.45,4958.0,98.51,32.76,24.69,116.61,10663.0,18445.0,3189.0,5363.0,2728.0,4245.0,16580.0,28053.0,59.75
2015,Thiruvallur,81.26,101.4,333.2,3286.0,101.27,33.82,24.19,80.1,9091.0,14553.0,3648.0,5655.0,1321.0,2445.0,14060.0,22653.0,66.84
2015,Thiruvarur,103.29,194.74,666.96,3425.0,194.74,33.15,24.97,125.13,11610.0,14826.0,3789.0,5030.0,4570.0,4997.0,19969.0,24853.0,51.96
2015,Thoothukudi,65.99,18.56,74.55,4017.0,18.56,34.4,25.92,82.06,4849.0,8611.0,3015.0,3185.0,553.0,1431.0,8417.0,13227.0,96.69
2015,Tiruchirappalli,86.83,58.57,244.21,4170.0,58.21,34.11,24.42,94.82,13221.0,22974.0,5647.0,10250.0,5472.0,8374.0,24340.0,41598.0,68.07
2015,Tiruppur,68.02,10.65,48.17,4523.0,10.65,32.71,22.98,77.75,5675.0,8213.0,3101.0,3709.0,3505.0,4275.0,12281.0,16197.0,77.45
2015,Tiruvannamalai,88.5,138.88,550.74,3966.0,138.72,33.49,23.64,92.6,9464.0,32138.0,3535.0,11206.0,2745.0,5798.0,15744.0,49142.0,56.3
2015,Vellore,77.57,51.77,202.22,3906.0,51.77,32.88,22.77,82.61,11088.0,30383.0,4249.0,8652.0,1956.0,4842.0,17293.0,43877.0,63.75
2015,Villupuram,91.9,182.3,773.31,4242.0,181.37,33.7,24.26,99.12,20902.0,45767.0,6484.0,16653.0,4670.0,9316.0,32056.0,71736.0,58.99
2015,Virudhunagar,87.69,28.61,100.61,3517.0,28.22,34.37,25.51,99.96,2701.0,7123.0,1378.0,2286.0,539.0,1501.0,4618.0,10910.0,69.4
